seed,Method,StepSize,N,Ninit,initMethod,npc,nBatch,Time,RMSEphi1,RMSEphi2,RMSEphi3,RMSEphi1.avg,RMSEphi2.avg,RMSEphi3.avg
95,OnlineFPCA-sgd,0.1,0,100,face,3,5,0.82341742515564,0.03508905517477843,1.265751910182597,1.4757586130203708,0.03508905517477843,1.265751910182597,1.4757586130203708
95,OnlineFPCA-sgd,0.1,100,100,face,3,5,0.473215103149414,0.0834548142842523,1.1330837498365676,1.4603677052732864,NA,NA,NA
95,OnlineFPCA-sgd,0.1,200,100,face,3,5,0.337011814117432,0.09423921461471171,1.0669280422510172,1.3393205838362716,NA,NA,NA
95,OnlineFPCA-sgd,0.1,300,100,face,3,5,0.337488889694214,0.10877716058718186,1.04368193727492,1.1771560157775387,NA,NA,NA
95,OnlineFPCA-sgd,0.1,400,100,face,3,5,0.334644317626953,0.08760237256808946,1.04252690375986,1.1115445471964915,NA,NA,NA
95,OnlineFPCA-sgd,0.1,500,100,face,3,5,0.362258672714233,0.2374541554085484,1.054063048401068,1.0946210271206769,NA,NA,NA
95,OnlineFPCA-sgd,0.1,600,100,face,3,5,0.471916437149048,0.10554546386156488,1.0527220522285214,1.0931497265856087,NA,NA,NA
95,OnlineFPCA-sgd,0.1,700,100,face,3,5,0.321690082550049,0.08258591041083577,1.051466553667547,1.091518470460094,NA,NA,NA
95,OnlineFPCA-sgd,0.1,800,100,face,3,5,0.321207284927368,0.06042471954342098,1.050370667208108,1.0891959225900196,NA,NA,NA
95,OnlineFPCA-sgd,0.1,900,100,face,3,5,0.3244788646698,0.05731645977231487,1.0501814990551976,1.0879318019711737,NA,NA,NA
95,OnlineFPCA-sgd,0.1,1000,100,face,3,5,0.322783708572388,0.05427705899721782,1.0492209097101584,1.0868053434538762,NA,NA,NA
95,OnlineFPCA-sgd,0.1,1100,100,face,3,5,0.475552558898926,0.5136249928212219,0.451634460694713,0.09738796744270546,0.2204747650215917,0.5714061011848336,0.33250062522381485
95,OnlineFPCA-sgd,0.1,1200,100,face,3,5,0.456524848937988,0.20460939558531163,0.4466005697543132,0.3988150528193537,0.1312554598419213,0.7048280964390711,0.6000117540081683
95,OnlineFPCA-sgd,0.1,1300,100,face,3,5,0.45905613899231,0.04844233750775099,0.3943904528172763,0.38585959838751177,0.09355095924734612,0.6051743937684374,0.5348313884680281
95,OnlineFPCA-sgd,0.1,1400,100,face,3,5,0.468911647796631,0.29527175209078255,0.40781409420073383,0.44223771750896945,0.07856190106006102,0.5490678062155592,0.49372654746565287
95,OnlineFPCA-sgd,0.1,1500,100,face,3,5,0.448952198028564,0.2481821355027437,0.3643963399350472,0.6111906219841627,0.03381066127075802,0.5068131149347357,0.47109246327528453
95,OnlineFPCA-sgd,0.1,1600,100,face,3,5,0.449885845184326,0.16769948018852204,0.2958347226520899,0.5640706467990466,0.03730262641522872,0.4722548677489272,0.46130331895616183
95,OnlineFPCA-sgd,0.1,1700,100,face,3,5,0.4715735912323,0.1433333529025002,0.2741521374429746,0.5252806167402483,0.04894969691195473,0.441523063455363,0.4567065997850684
95,OnlineFPCA-sgd,0.1,1800,100,face,3,5,0.460911512374878,0.12530958163750056,0.24454198909122604,0.5105156001942892,0.05789798645143523,0.4161329846890193,0.4551799357465552
95,OnlineFPCA-sgd,0.1,1900,100,face,3,5,0.456677675247192,0.10849437030199366,0.21688430160428004,0.48079119783905994,0.06374931593547942,0.3932522769476908,0.45386570459853715
95,OnlineFPCA-sgd,0.1,2000,100,face,3,5,0.462224006652832,0.09662605139410473,0.19871596997070723,0.4636451664176693,0.06685118976463646,0.3736983430188493,0.4520707577057458
95,OnlineFPCA-sgd,0.1,2100,100,face,3,5,0.462896347045898,0.2062455755812142,0.39346248918483406,0.6937218438266145,0.07705509596611924,0.3363783020531722,0.4550422645087685
95,OnlineFPCA-sgd,0.1,2200,100,face,3,5,0.444761753082275,0.19642563567208948,0.18230524756423097,0.5851336985505832,0.0753729942919145,0.3042728843189045,0.45930332088495096
95,OnlineFPCA-sgd,0.1,2300,100,face,3,5,0.449620723724365,0.7385990050755395,0.16482725637802964,0.45852868183836853,0.07875076699541203,0.28271811694109855,0.4510505441850185
95,OnlineFPCA-sgd,0.1,2400,100,face,3,5,0.454015970230103,0.17738366900279692,0.1530922616587649,0.4116376854724787,0.07178607697432604,0.26846796225596103,0.4365797019000291
95,OnlineFPCA-sgd,0.1,2500,100,face,3,5,0.446362018585205,0.17820744332413913,0.28205785886264906,0.2198620241468652,0.06704896022135076,0.24808597814821137,0.41723038833289183
95,OnlineFPCA-sgd,0.1,2600,100,face,3,5,0.473165273666382,1.8031396065804053,0.4475623233798733,0.4717893459929622,0.06877918982191125,0.23951546798416615,0.4060781216023682
95,OnlineFPCA-sgd,0.1,2700,100,face,3,5,0.436702251434326,1.991393720334384,0.3526183700434576,0.557765440746474,0.06687987655229456,0.2341278663450156,0.3997920689032177
95,OnlineFPCA-sgd,0.1,2800,100,face,3,5,0.437265872955322,1.9728241684464871,0.2742068275060855,0.425889643799749,0.06239903801736905,0.22727151549861835,0.3942518240334124
95,OnlineFPCA-sgd,0.1,2900,100,face,3,5,0.582891702651978,1.9883631149135128,0.26546405011244173,0.6199939661338706,0.05902440490702809,0.21084951230501875,0.3953522418068852
95,OnlineFPCA-sgd,0.1,3000,100,face,3,5,0.431083202362061,1.9906085183176216,0.21513914345705495,0.6289669533923438,0.05607085815085322,0.20002115390981107,0.40677414772740417
95,OnlineFPCA-sgd,0.1,3100,100,face,3,5,0.433844566345215,1.9697454090171864,0.2277662150063463,0.266866836636359,0.05361395685443468,0.19244885348876903,0.4017694319275193
95,OnlineFPCA-sgd,0.1,3200,100,face,3,5,0.430649042129517,1.9926811848266737,0.275546672846539,0.28449653485669507,0.05733767489989199,0.17895260998635593,0.3936943205666159
95,OnlineFPCA-sgd,0.1,3300,100,face,3,5,0.434295892715454,1.986518170152008,0.19538281942912084,0.17086570089898953,0.05452107326417537,0.16657773218457084,0.38275297512332845
95,OnlineFPCA-sgd,0.1,3400,100,face,3,5,0.429350614547729,1.99834841002044,0.22066999872340176,0.4027446672507467,0.05035833172167814,0.16288070636252824,0.37929476913424426
95,OnlineFPCA-sgd,0.1,3500,100,face,3,5,0.438138723373413,1.9839613611285425,0.3264291304236501,0.8009599881149028,0.04376292227677918,0.1615713807983181,0.39046934623609886
95,OnlineFPCA-sgd,0.1,3600,100,face,3,5,0.43721866607666,1.9661974743374784,0.2255291567773244,0.6501801541016109,0.04112669846215332,0.15889206263171954,0.39906471257161263
95,OnlineFPCA-sgd,0.1,3700,100,face,3,5,0.433189392089844,1.9984266555817551,0.14500054928449957,0.44435110073454726,0.03985959208000622,0.15488452867739894,0.3998217586118116
95,OnlineFPCA-sgd,0.1,3800,100,face,3,5,0.430739641189575,1.9895423617538937,0.3002828435617725,0.3647254680846972,0.04101134462171262,0.1466594707218029,0.3919932120390687
95,OnlineFPCA-sgd,0.1,3900,100,face,3,5,0.430247783660889,1.951444946888859,0.4292326013247485,0.6856602636251247,0.0407536169269587,0.1396010804187397,0.38152760157712545
95,OnlineFPCA-sgd,0.1,4000,100,face,3,5,0.432362079620361,0.04072508204101337,0.13513454384700016,0.37515176431157543,0.04072508204101337,0.13513454384700016,0.37515176431157543
95,OnlineFPCA-sgd,0.1,4100,100,face,3,5,0.446447372436523,0.799164819055179,0.6694292499856729,0.4795150109542749,0.3003530851912774,0.17606114645571394,0.37852391720432466
95,OnlineFPCA-sgd,0.1,4200,100,face,3,5,0.446621894836426,0.1877021627728773,0.3545055353388493,0.4958604332655124,0.23475610379505887,0.3694955178494299,0.3994992283149125
95,OnlineFPCA-sgd,0.1,4300,100,face,3,5,0.444278001785278,0.14053007282375984,0.1213028072481749,0.44997600948877287,0.15970815159182453,0.278529083634207,0.412090021608633
95,OnlineFPCA-sgd,0.1,4400,100,face,3,5,0.455524206161499,0.09584209548926348,0.35084848630022814,0.5044596455083343,0.1087316470641808,0.2590255933886556,0.37663397156491873
95,OnlineFPCA-sgd,0.1,4500,100,face,3,5,0.445250988006592,0.07380228155460322,0.36086289806527205,0.3975108620487518,0.08399396018877199,0.2603970330379462,0.37205871606528657
95,OnlineFPCA-sgd,0.1,4600,100,face,3,5,0.445898056030273,0.2956331137521732,0.3524023012219218,0.4172667136327456,0.06424892370121534,0.25680391590794116,0.3687549200720523
95,OnlineFPCA-sgd,0.1,4700,100,face,3,5,0.471523523330688,0.2542111102910131,0.2477103489470016,0.3127983151801327,0.05923116789699068,0.25540815291218555,0.3516482881256029
95,OnlineFPCA-sgd,0.1,4800,100,face,3,5,0.440604448318481,0.0748484569337142,0.16290072415128062,0.39917616920589694,0.05330914966523845,0.22224702413208408,0.3306303774607409
95,OnlineFPCA-sgd,0.1,4900,100,face,3,5,0.451750040054321,0.83215700344821,0.7644987849294863,0.577402453512104,0.04678644460362442,0.21946242688076248,0.28398583245865394
95,OnlineFPCA-sgd,0.1,5000,100,face,3,5,0.445111274719238,0.36880785341796896,0.3886810488687592,0.20501566862623677,0.04249984994339653,0.2504021557710296,0.22045385808383983
95,OnlineFPCA-sgd,0.1,5100,100,face,3,5,0.0962634086608887,0.15166326730943336,0.37197749460625074,0.2625046884240769,0.04121686345260972,0.27344950561170145,0.19233386915017828
95,OnlineFPCA-sgd,0.1,5200,100,face,3,5,0.0896651744842529,0.18406807222974225,0.12790531345798245,0.1042751474384765,0.04014651138918092,0.2650618631015266,0.16964808935418546
95,OnlineFPCA-sgd,0.1,5300,100,face,3,5,0.0917325019836426,0.36171948812058,0.5170771342173855,0.3806971180651331,0.0449915634895253,0.2497712737791356,0.1551440631976531
95,OnlineFPCA-sgd,0.1,5400,100,face,3,5,0.0918402671813965,0.2080908417266455,0.15114222440935685,0.5076537228473708,0.04051525889530166,0.249119785876246,0.16214756586305137
95,OnlineFPCA-sgd,0.1,5500,100,face,3,5,0.0921413898468018,0.16827806120888927,0.24085257452710088,0.6732973235994786,0.03577574422301827,0.23561174415464017,0.18379704891335277
95,OnlineFPCA-sgd,0.1,5600,100,face,3,5,0.0919845104217529,0.1722870364092583,0.0936981101275172,0.6893180616925001,0.0348925250505922,0.22241119390427944,0.20318481205108116
95,OnlineFPCA-sgd,0.1,5700,100,face,3,5,0.0921974182128906,1.0151854337518282,0.6993541946154218,0.6004779628174249,0.08134016042171413,0.19155272653628092,0.2195791271161886
95,OnlineFPCA-sgd,0.1,5800,100,face,3,5,0.0955352783203125,0.18728083019086364,0.5056649416291052,0.6289218112038129,0.09328968109088472,0.1968694453272518,0.2358320486690353
95,OnlineFPCA-sgd,0.1,5900,100,face,3,5,0.0900516510009766,0.13150957017807516,0.2199808469345613,0.5541443639985348,0.08810279014021498,0.1957520709597572,0.25273288568308977
95,OnlineFPCA-sgd,0.1,6000,100,face,3,5,0.0951962471008301,0.3703573619793704,0.15961022678983336,0.47529899882543714,0.08371141056979851,0.18730720573328827,0.26442127353913275
95,OnlineFPCA-sgd,0.1,6100,100,face,3,5,0.0896975994110107,0.06809218943689267,0.07138682346601594,0.3254681691002819,0.0840686549308356,0.17670905304799922,0.26260194180874924
95,OnlineFPCA-sgd,0.1,6200,100,face,3,5,0.0952963829040527,0.08588305137050387,0.12102652077619976,0.2771201082777711,0.08033018464835205,0.16685394917802318,0.26047059199864536
95,OnlineFPCA-sgd,0.1,6300,100,face,3,5,0.0967826843261719,0.0746374018109948,0.281900830339723,0.24765407283146784,0.07635201441534122,0.15954276446449478,0.2559191682211446
95,OnlineFPCA-sgd,0.1,6400,100,face,3,5,0.0930407047271729,0.08604819848721963,0.12540906764492038,0.15809023114088294,0.07366071345865909,0.15265524817034715,0.24870105346644525
95,OnlineFPCA-sgd,0.1,6500,100,face,3,5,0.093914270401001,0.3830086434183914,0.3069170717870496,0.2419327414821725,0.07286758054834094,0.1403783180575928,0.2395309178712203
95,OnlineFPCA-sgd,0.1,6600,100,face,3,5,0.0934267044067383,0.09046883197264476,0.09455434213456124,0.29165675413908265,0.06718307938212528,0.1290951117836173,0.2400934364865108
95,OnlineFPCA-sgd,0.1,6700,100,face,3,5,0.0933310985565186,0.6847941088571307,0.384676434441162,0.31871405482545245,0.06466854381442191,0.12244623975003673,0.2387356312685674
95,OnlineFPCA-sgd,0.1,6800,100,face,3,5,0.09023118019104,0.0978705656192639,0.1774434450481424,0.2718473751669911,0.06245949593844281,0.11826867111911724,0.2326378045490436
95,OnlineFPCA-sgd,0.1,6900,100,face,3,5,0.0954201221466064,0.14859797187018617,0.2372228570206147,0.3517773272612616,0.05964829120230763,0.1122290453879995,0.22697952759396664
95,OnlineFPCA-sgd,0.1,7000,100,face,3,5,0.0906476974487305,0.1274768696787995,0.18955099421477375,0.2418666766816959,0.05603504135097166,0.10751309956658124,0.22467807803934725
95,OnlineFPCA-sgd,0.1,7100,100,face,3,5,0.0956747531890869,0.20240946923022335,0.18295741584356456,0.2825247969268839,0.05574167036554561,0.10048247647875055,0.22289977664441593
95,OnlineFPCA-sgd,0.1,7200,100,face,3,5,0.0929949283599854,0.14419860244707805,0.15312890384029795,0.25854670200071783,0.05533875693314985,0.09656702750555826,0.22331126884323052
95,OnlineFPCA-sgd,0.1,7300,100,face,3,5,0.0929405689239502,0.17203513779296137,0.09540886592477332,0.3360025227789963,0.05424578617704708,0.09208030883233534,0.2242435571346192
95,OnlineFPCA-sgd,0.1,7400,100,face,3,5,0.0925290584564209,0.3115978656452607,0.14074153121042085,0.4358462289151876,0.0527830048539686,0.0881506225955048,0.22652441646253368
95,OnlineFPCA-sgd,0.1,7500,100,face,3,5,0.0922470092773438,0.1764840402683678,0.1805012979384669,0.33674791903714146,0.05118675453434226,0.08765123764730075,0.22774534237753755
95,OnlineFPCA-sgd,0.1,7600,100,face,3,5,0.0925071239471436,0.30043347578818447,0.2061277983895271,0.25540781215658964,0.04973503558400593,0.08598575776364929,0.2305603973565283
95,OnlineFPCA-sgd,0.1,7700,100,face,3,5,0.0918769836425781,0.3195858088081874,0.09410981153144624,0.20867403423771988,0.04931511253197679,0.08325808690491526,0.22969515969760415
95,OnlineFPCA-sgd,0.1,7800,100,face,3,5,0.0929300785064697,0.07997314818551632,0.15974018952724284,0.21882461016853744,0.04817482386306495,0.07715345901952654,0.2273860447600875
95,OnlineFPCA-sgd,0.1,7900,100,face,3,5,0.0891609191894531,0.1127261199378818,0.06755147822371323,0.22905493721755904,0.04707249401744129,0.0735744337439861,0.2250527030741289
95,OnlineFPCA-sgd,0.1,8000,100,face,3,5,0.095947265625,0.1099847466375046,0.11399874552026272,0.3418830860647924,0.04608128104070414,0.07457415198908988,0.22660832387691743
95,OnlineFPCA-sgd,0.1,8100,100,face,3,5,0.090378999710083,0.4311505975136418,0.1265368805173314,0.14549882440448844,0.04611967694918349,0.07420372576182784,0.22618520973512984
95,OnlineFPCA-sgd,0.1,8200,100,face,3,5,0.0952448844909668,0.1444388893303832,0.23181376144823215,0.16244772701202784,0.04373082344308273,0.07132890051066378,0.2217019001971284
95,OnlineFPCA-sgd,0.1,8300,100,face,3,5,0.0896549224853516,0.20181432280224984,0.16517744868813428,0.1450881638220743,0.04173046712803968,0.06961850597527709,0.2162059180644282
95,OnlineFPCA-sgd,0.1,8400,100,face,3,5,0.0926034450531006,0.0945411467581756,0.314475862906105,0.3990350030824169,0.0392931588717452,0.06101222077487377,0.20429138230440425
95,OnlineFPCA-sgd,0.1,8500,100,face,3,5,0.0933518409729004,0.11502907592421648,0.15041806189219514,0.35237981233163457,0.03802270818950652,0.05663792335364145,0.19587287081349147
95,OnlineFPCA-sgd,0.1,8600,100,face,3,5,0.0924758911132812,0.3783946163203018,0.24956383746358587,0.22700406748539467,0.03629608799743001,0.05394615343831051,0.1904606961851515
95,OnlineFPCA-sgd,0.1,8700,100,face,3,5,0.0929872989654541,0.05983918043793002,0.19782802590056137,0.19420915712967565,0.03502277120039836,0.05010825037583218,0.18645513338111677
95,OnlineFPCA-sgd,0.1,8800,100,face,3,5,0.0924386978149414,0.44823677052468625,0.26817149071366764,0.27433119352105517,0.03515308607915277,0.05136864243909309,0.18335246360364937
95,OnlineFPCA-sgd,0.1,8900,100,face,3,5,0.0934395790100098,0.2603148092844036,0.1743403538129102,0.4138879443168629,0.03491994723950037,0.05223502660683739,0.17863840514752974
95,OnlineFPCA-sgd,0.1,9000,100,face,3,5,0.0905981063842773,0.12847269289751126,0.16654833744226977,0.2945724607654925,0.03475787872172998,0.05311693295209409,0.17387094665958183
95,OnlineFPCA-sgd,0.1,9100,100,face,3,5,0.0960936546325684,0.22772311359231187,0.1902240692517185,0.30694045910885215,0.0345381432992474,0.0490317371761555,0.1710297453802044
95,OnlineFPCA-sgd,0.1,9200,100,face,3,5,0.0900337696075439,0.2338127407095514,0.14649721476254188,0.25913563395898925,0.03366830567967723,0.04743660400172411,0.17069488550814935
95,OnlineFPCA-sgd,0.1,9300,100,face,3,5,0.0965089797973633,0.16183499056068748,0.2002909853773415,0.2712187851925285,0.0329244425316433,0.04445908521845733,0.17048759843702616
95,OnlineFPCA-sgd,0.1,9400,100,face,3,5,0.0905773639678955,0.07478043435542993,0.160188351102504,0.3214171372974056,0.03207541933990593,0.04343843063952857,0.17060911036248794
95,OnlineFPCA-sgd,0.1,9500,100,face,3,5,0.0955138206481934,0.1365853425654972,0.22292148314051133,0.27210875511300453,0.03127410768242551,0.04173729833150326,0.17136505159791726
95,OnlineFPCA-sgd,0.1,9600,100,face,3,5,0.0900664329528809,0.3123676503980092,0.21380436664647295,0.4105319965522025,0.03031337003457386,0.04025843591529938,0.1731492455110904
95,OnlineFPCA-sgd,0.1,9700,100,face,3,5,0.0919101238250732,0.25301365042225527,0.2283491625893528,0.3350928508751123,0.03008725961429978,0.04084718850369141,0.1760446326364538
95,OnlineFPCA-sgd,0.1,9800,100,face,3,5,0.091949462890625,0.10776131710562936,0.09638750352369792,0.31960756426174586,0.03009908274488286,0.04023511249581618,0.17786767791987648
95,OnlineFPCA-sgd,0.1,9900,100,face,3,5,0.0916106700897217,0.725678730939417,0.3020813173354156,0.27674565554731256,0.03001131252030996,0.0410546397197277,0.1774330376532922
95,OnlineFPCA-sgd,0.1,10000,100,face,3,5,0.0930931568145752,0.20250025866437657,0.12073298597208476,0.24154576020124088,0.03068159260768154,0.04314964736718835,0.17166156092689436
95,OnlineFPCA-sgd,0.1,10100,100,face,3,5,0.0896942615509033,0.13905102787177723,0.4140361502995755,0.25464921600508394,0.0304115270006084,0.03680310196637244,0.16890474427987137
95,OnlineFPCA-sgd,0.1,10200,100,face,3,5,0.095128059387207,0.1161059476141779,0.31656506821504826,0.24311356879392687,0.03051659823569945,0.03426394619227808,0.1670955554455303
95,OnlineFPCA-sgd,0.1,10300,100,face,3,5,0.0901148319244385,0.19715305588554424,0.64031397290601,0.32163611623902943,0.03002845729274007,0.03440846969358908,0.16618086404214305
95,OnlineFPCA-sgd,0.1,10400,100,face,3,5,0.0997848510742188,0.148168992410005,0.17146296438348024,0.1947987431349214,0.0293319339640084,0.03240086413009329,0.16560593391383135
95,OnlineFPCA-sgd,0.1,10500,100,face,3,5,0.093090295791626,0.15459754600200473,0.16260649995256557,0.33358096789476616,0.02930383195639982,0.03076038514944901,0.16499858426430686
95,OnlineFPCA-sgd,0.1,10600,100,face,3,5,0.0922482013702393,0.08668915707789968,0.1755724603906299,0.4376190755770776,0.02838251361034084,0.02987720057992073,0.16620918811058277
95,OnlineFPCA-sgd,0.1,10700,100,face,3,5,0.0936269760131836,1.0300701354591373,0.5045873532064553,0.4328417749892505,0.03975473658756014,0.02747717461876061,0.17014574326029022
95,OnlineFPCA-sgd,0.1,10800,100,face,3,5,0.0926010608673096,0.21727002754623087,0.37290997432333306,0.43682488981958767,0.04394533048897041,0.0263803263299948,0.17246583730064138
95,OnlineFPCA-sgd,0.1,10900,100,face,3,5,0.096097469329834,0.07920834146986298,0.10836352151446305,0.3631467190896449,0.04355167741689123,0.02680738981910099,0.17509682766988596
95,OnlineFPCA-sgd,0.1,11000,100,face,3,5,0.0908639430999756,0.23903946319048383,0.119848622127201,0.25444546578112587,0.04296499586123309,0.02643674154064954,0.17670617602140368
95,OnlineFPCA-sgd,0.1,11100,100,face,3,5,0.096254825592041,0.09767316848023888,0.1958428811191185,0.24161123256186132,0.04312596091925592,0.02480955873647122,0.1763253569925307
95,OnlineFPCA-sgd,0.1,11200,100,face,3,5,0.0898571014404297,0.09131590683356648,0.1068630249188566,0.21114408446659444,0.0423777395665609,0.02441414735799419,0.17556877709953192
95,OnlineFPCA-sgd,0.1,11300,100,face,3,5,0.0929708480834961,0.0604611511102547,0.17975967927151398,0.10199818194605638,0.04192680982185534,0.02491524109686491,0.17398426546042983
95,OnlineFPCA-sgd,0.1,11400,100,face,3,5,0.0931003093719482,0.10718428371135252,0.14565823173333803,0.09560357757572564,0.04153697695801787,0.02521441288823835,0.1716253435287821
95,OnlineFPCA-sgd,0.1,11500,100,face,3,5,0.0938172340393066,0.35975824935761547,0.19530725097618737,0.14125574941287986,0.04163483162298995,0.02523570314631937,0.1697186527280057
95,OnlineFPCA-sgd,0.1,11600,100,face,3,5,0.0932490825653076,0.08011534374163215,0.08100906373818872,0.2924913937031441,0.04028992097899394,0.02547333998410846,0.17098567862331487
95,OnlineFPCA-sgd,0.1,11700,100,face,3,5,0.0923609733581543,0.5762849964970246,0.2581989329848558,0.2631064765923032,0.03981027668674982,0.02542449714944574,0.1715294729970704
95,OnlineFPCA-sgd,0.1,11800,100,face,3,5,0.094221830368042,0.1123884992285547,0.17013467536841667,0.29553331807368616,0.03924054543912324,0.02626103456719237,0.1713384275231229
95,OnlineFPCA-sgd,0.1,11900,100,face,3,5,0.0918424129486084,0.06459095531837944,0.16833124065934166,0.28115306124515416,0.03851771058824822,0.02655823195588973,0.1710371594287297
95,OnlineFPCA-sgd,0.1,12000,100,face,3,5,0.0946846008300781,0.09965427535144988,0.11654696252383662,0.22366684332905457,0.03752290232860596,0.02692272125273437,0.17130335217834222
95,OnlineFPCA-sgd,0.1,12100,100,face,3,5,0.0898768901824951,0.30232816172388643,0.15881548127657513,0.2589376101593877,0.03746182254004965,0.02700875448474647,0.17197467238270644
95,OnlineFPCA-sgd,0.1,12200,100,face,3,5,0.0954642295837402,0.11522300190739902,0.12945882562737968,0.29131149128533423,0.03745954658775956,0.02750017247858402,0.17340840501327853
95,OnlineFPCA-sgd,0.1,12300,100,face,3,5,0.0900607109069824,0.09864536956326612,0.09858270720152729,0.24847772190837908,0.0369773440944171,0.02740711807115708,0.17420706820951704
95,OnlineFPCA-sgd,0.1,12400,100,face,3,5,0.0921516418457031,0.4268536842663725,0.1426984227403733,0.2373829467533343,0.03651464903645802,0.02685510183887278,0.17438441699114346
95,OnlineFPCA-sgd,0.1,12500,100,face,3,5,0.0928173065185547,0.2870758060677109,0.1192750742641142,0.20144506734780623,0.03627721636247942,0.02762661159883172,0.17396299087482292
95,OnlineFPCA-sgd,0.1,12600,100,face,3,5,0.092879056930542,0.22173948742978672,0.13065079345802957,0.21392483696961248,0.03609324200946557,0.02738379731852535,0.17454243169355227
95,OnlineFPCA-sgd,0.1,12700,100,face,3,5,0.092778205871582,0.3996870464996251,0.16915082402060105,0.18803319999262555,0.03577999360977472,0.02715349822321399,0.17424727646265714
95,OnlineFPCA-sgd,0.1,12800,100,face,3,5,0.0920524597167969,0.2077385071634332,0.5150996845167506,0.8107196763697652,0.03495606098155261,0.02512816787212101,0.18267356935645537
95,OnlineFPCA-sgd,0.1,12900,100,face,3,5,0.0928993225097656,0.13096455196962936,0.3569165174091579,0.7722235718527595,0.03425493159918903,0.02656762500324243,0.1900572738885357
95,OnlineFPCA-sgd,0.1,13000,100,face,3,5,0.0932328701019287,0.07751040908528584,0.2921837757750381,0.7145990086107746,0.0334880553505024,0.02886869405458695,0.19609866630783832
95,OnlineFPCA-sgd,0.1,13100,100,face,3,5,0.0992307662963867,0.18607081764657377,0.31199864266477306,0.5347984543736031,0.03357596431189704,0.03146236506048408,0.1997261403509458
95,OnlineFPCA-sgd,0.1,13200,100,face,3,5,0.0896673202514648,0.1433723395976967,0.3035066869887846,0.38397984105764593,0.03297597499002932,0.03381137369752358,0.20143787920958656
95,OnlineFPCA-sgd,0.1,13300,100,face,3,5,0.0960559844970703,0.12293841407074312,0.3389017893443997,0.2788063058202131,0.03270144916759601,0.03576256981097434,0.2016913286770085
95,OnlineFPCA-sgd,0.1,13400,100,face,3,5,0.0930502414703369,0.07343465027679032,0.22095232789459043,0.265421558864163,0.03202880366194632,0.0377884744832404,0.20101579919069196
95,OnlineFPCA-sgd,0.1,13500,100,face,3,5,0.0931587219238281,0.1254825762035786,0.257848441212276,0.2951516285617173,0.03181769240975214,0.0396303404332728,0.20081701827272033
95,OnlineFPCA-sgd,0.1,13600,100,face,3,5,0.0926444530487061,0.5981204173669341,0.227575014126858,0.40817282346064393,0.03135659752947097,0.04112039966602063,0.20141752258318513
95,OnlineFPCA-sgd,0.1,13700,100,face,3,5,0.0955245494842529,0.05665623494808031,0.17547860141981428,0.3522100656790566,0.03054764381957417,0.04273730013537042,0.1998110370448767
95,OnlineFPCA-sgd,0.1,13800,100,face,3,5,0.0934698581695557,0.13530030764801904,0.19525624881018672,0.2023057754556636,0.03038527778564375,0.04363644173299116,0.19806199228850768
95,OnlineFPCA-sgd,0.1,13900,100,face,3,5,0.0925652980804443,0.22792554181650193,0.365802354569937,0.271111229848692,0.03029055618196266,0.04517580344062922,0.19635006795192644
95,OnlineFPCA-sgd,0.1,14000,100,face,3,5,0.0943570137023926,0.31135291906268237,0.3335059317608117,0.23816443494704817,0.03025617402831219,0.04719511636703204,0.19516290225514368
95,OnlineFPCA-sgd,0.1,14100,100,face,3,5,0.0931689739227295,0.1068296642057235,0.33399618486448324,0.20347131106628977,0.03022317364503107,0.04993742823868266,0.1939932657960962
95,OnlineFPCA-sgd,0.1,14200,100,face,3,5,0.0947060585021973,0.11800638316377104,0.19753173547660913,0.1794059263681532,0.02991649256463996,0.05183588312892323,0.19281235163419227
95,OnlineFPCA-sgd,0.1,14300,100,face,3,5,0.0900211334228516,0.13139012090374402,0.16549557869555415,0.1468221198683044,0.0296850208372111,0.05293509785222969,0.19157367315483784
95,OnlineFPCA-sgd,0.1,14400,100,face,3,5,0.0942776203155518,0.05922281678417281,0.208036878774216,0.17626437759615915,0.02942993710467317,0.05356271549322861,0.189565072022242
95,OnlineFPCA-sgd,0.1,14500,100,face,3,5,0.0932326316833496,0.191368991563657,0.23616269776217463,0.170805784925562,0.02923589344422318,0.05474115683689799,0.1884712505499286
95,OnlineFPCA-sgd,0.1,14600,100,face,3,5,0.0924134254455566,0.3076718441005973,0.22752799396833776,0.3830691366365628,0.02870206303013063,0.0556741496433233,0.1884104424811423
95,OnlineFPCA-sgd,0.1,14700,100,face,3,5,0.0933792591094971,0.22036005723415675,0.2126385544445777,0.3064841678771087,0.02876683250042213,0.05644621625003215,0.18926111277388688
95,OnlineFPCA-sgd,0.1,14800,100,face,3,5,0.0931389331817627,0.10968219294610904,0.11402989252871298,0.2978908696871851,0.02888867615353413,0.05683381253481522,0.18976249520185892
95,OnlineFPCA-sgd,0.1,14900,100,face,3,5,0.0933310985565186,0.12720487065064812,0.15563575826113876,0.202629329510003,0.02863758438426709,0.05679494271393619,0.1897191212326236
95,OnlineFPCA-sgd,0.1,15000,100,face,3,5,0.0899169445037842,0.4559722030259621,0.17265017706202992,0.16738709326648024,0.02859541401984168,0.05681940920566799,0.18836399306971463
95,OnlineFPCA-adagrad,0.1,0,100,face,3,5,0.82341742515564,0.03508905517477843,1.265751910182597,1.4757586130203708,0.03508905517477843,1.265751910182597,1.4757586130203708
95,OnlineFPCA-adagrad,0.1,100,100,face,3,5,0.334299564361572,0.0834548142842523,1.1330837498365676,1.4603677052732864,NA,NA,NA
95,OnlineFPCA-adagrad,0.1,200,100,face,3,5,0.33440089225769,0.09423921461471171,1.0669280422510172,1.3393205838362716,NA,NA,NA
95,OnlineFPCA-adagrad,0.1,300,100,face,3,5,0.331518650054932,0.10877716058718186,1.04368193727492,1.1771560157775387,NA,NA,NA
95,OnlineFPCA-adagrad,0.1,400,100,face,3,5,0.335307598114014,0.08760237256808946,1.04252690375986,1.1115445471964915,NA,NA,NA
95,OnlineFPCA-adagrad,0.1,500,100,face,3,5,0.331675052642822,0.2374541554085484,1.054063048401068,1.0946210271206769,NA,NA,NA
95,OnlineFPCA-adagrad,0.1,600,100,face,3,5,0.33949613571167,0.10554546386156488,1.0527220522285214,1.0931497265856087,NA,NA,NA
95,OnlineFPCA-adagrad,0.1,700,100,face,3,5,0.342945337295532,0.08258591041083577,1.051466553667547,1.091518470460094,NA,NA,NA
95,OnlineFPCA-adagrad,0.1,800,100,face,3,5,0.335161685943604,0.06042471954342098,1.050370667208108,1.0891959225900196,NA,NA,NA
95,OnlineFPCA-adagrad,0.1,900,100,face,3,5,0.334619522094727,0.05731645977231487,1.0501814990551976,1.0879318019711737,NA,NA,NA
95,OnlineFPCA-adagrad,0.1,1000,100,face,3,5,0.333132743835449,0.05427705899721782,1.0492209097101584,1.0868053434538762,NA,NA,NA
95,OnlineFPCA-adagrad,0.1,1100,100,face,3,5,0.467790603637695,0.5136249928212219,0.451634460694713,0.09738796744270546,0.2204747650215917,0.5714061011848336,0.33250062522381485
95,OnlineFPCA-adagrad,0.1,1200,100,face,3,5,0.461383104324341,0.20460939558531163,0.4466005697543132,0.3988150528193537,0.1312554598419213,0.7048280964390711,0.6000117540081683
95,OnlineFPCA-adagrad,0.1,1300,100,face,3,5,0.461366176605225,0.04844233750775099,0.3943904528172763,0.38585959838751177,0.09355095924734612,0.6051743937684374,0.5348313884680281
95,OnlineFPCA-adagrad,0.1,1400,100,face,3,5,0.468713045120239,0.29527175209078255,0.40781409420073383,0.44223771750896945,0.07856190106006102,0.5490678062155592,0.49372654746565287
95,OnlineFPCA-adagrad,0.1,1500,100,face,3,5,0.590378046035767,0.2481821355027437,0.3643963399350472,0.6111906219841627,0.03381066127075802,0.5068131149347357,0.47109246327528453
95,OnlineFPCA-adagrad,0.1,1600,100,face,3,5,0.460004806518555,0.16769948018852204,0.2958347226520899,0.5640706467990466,0.03730262641522872,0.4722548677489272,0.46130331895616183
95,OnlineFPCA-adagrad,0.1,1700,100,face,3,5,0.460150480270386,0.1433333529025002,0.2741521374429746,0.5252806167402483,0.04894969691195473,0.441523063455363,0.4567065997850684
95,OnlineFPCA-adagrad,0.1,1800,100,face,3,5,0.459540128707886,0.12530958163750056,0.24454198909122604,0.5105156001942892,0.05789798645143523,0.4161329846890193,0.4551799357465552
95,OnlineFPCA-adagrad,0.1,1900,100,face,3,5,0.463285684585571,0.10849437030199366,0.21688430160428004,0.48079119783905994,0.06374931593547942,0.3932522769476908,0.45386570459853715
95,OnlineFPCA-adagrad,0.1,2000,100,face,3,5,0.459732532501221,0.09662605139410473,0.19871596997070723,0.4636451664176693,0.06685118976463646,0.3736983430188493,0.4520707577057458
95,OnlineFPCA-adagrad,0.1,2100,100,face,3,5,0.459080696105957,0.2062455755812142,0.39346248918483406,0.6937218438266145,0.07705509596611924,0.3363783020531722,0.4550422645087685
95,OnlineFPCA-adagrad,0.1,2200,100,face,3,5,0.464911937713623,0.19642563567208948,0.18230524756423097,0.5851336985505832,0.0753729942919145,0.3042728843189045,0.45930332088495096
95,OnlineFPCA-adagrad,0.1,2300,100,face,3,5,0.458564043045044,0.7385990050755395,0.16482725637802964,0.45852868183836853,0.07875076699541203,0.28271811694109855,0.4510505441850185
95,OnlineFPCA-adagrad,0.1,2400,100,face,3,5,0.45018482208252,0.17738366900279692,0.1530922616587649,0.4116376854724787,0.07178607697432604,0.26846796225596103,0.4365797019000291
95,OnlineFPCA-adagrad,0.1,2500,100,face,3,5,0.45051646232605,0.17822483911912126,0.28211160859206,0.21988443315357836,0.06704896590014371,0.248085885715637,0.4172304880168689
95,OnlineFPCA-adagrad,0.1,2600,100,face,3,5,0.498756170272827,0.05124017589685716,0.1351579058870417,0.20978027189364623,0.06122085016529319,0.22528818578686613,0.39854332190799974
95,OnlineFPCA-adagrad,0.1,2700,100,face,3,5,0.495646715164185,0.04239856606452855,0.12598757982909578,0.15909362207621772,0.05603801207239924,0.20596033526446625,0.3798206632931113
95,OnlineFPCA-adagrad,0.1,2800,100,face,3,5,0.501047611236572,0.0755564236181561,0.16483263226807157,0.1561916409612823,0.05229618239386154,0.1908298228180005,0.3609322483780021
95,OnlineFPCA-adagrad,0.1,2900,100,face,3,5,0.506399869918823,0.06648425886370453,0.13194453755291224,0.19412906854523523,0.04838830350363198,0.17688205110447935,0.34658985199083275
95,OnlineFPCA-adagrad,0.1,3000,100,face,3,5,0.501194715499878,0.06437705368825737,0.1160089685423428,0.22663975486872745,0.04395023945921133,0.1675876616497547,0.33838218131628733
95,OnlineFPCA-adagrad,0.1,3100,100,face,3,5,0.499362230300903,0.19400440366466148,0.09903249949474947,0.20460645124293375,0.04143347096518883,0.15703335368147897,0.3279939265732385
95,OnlineFPCA-adagrad,0.1,3200,100,face,3,5,0.497860431671143,0.05023472744213763,0.0910614050146276,0.1640652783743561,0.04076945717679543,0.1454272105855355,0.3170721736423622
95,OnlineFPCA-adagrad,0.1,3300,100,face,3,5,0.495401382446289,0.07978671533118116,0.08455404571202091,0.09485134936788003,0.03962886143903629,0.1362023263413157,0.30616272936673705
95,OnlineFPCA-adagrad,0.1,3400,100,face,3,5,0.500519037246704,0.14502528523683386,0.2966481557874457,0.4686303407343083,0.03268472764822071,0.13156102960179958,0.30707503885154525
95,OnlineFPCA-adagrad,0.1,3500,100,face,3,5,0.497625827789307,0.10004903988312268,0.1964662119042139,0.3779994484183659,0.02770147743415091,0.12574426087453608,0.3074088410814439
95,OnlineFPCA-adagrad,0.1,3600,100,face,3,5,0.630765199661255,0.06136244285703951,0.15166423935674606,0.26323296090384407,0.02431132641150693,0.11889707921370891,0.30472710632834293
95,OnlineFPCA-adagrad,0.1,3700,100,face,3,5,0.490332365036011,0.04058629157332244,0.10168183915705548,0.15866706191095784,0.02271655354874425,0.11210381983671874,0.30015490265250755
95,OnlineFPCA-adagrad,0.1,3800,100,face,3,5,0.493154764175415,0.04184038180290842,0.13737736099207418,0.11900357139794324,0.02169967935873093,0.10698522822614633,0.29073145372143017
95,OnlineFPCA-adagrad,0.1,3900,100,face,3,5,0.493996620178223,0.06634283020843633,0.22445694451509549,0.2011188490012562,0.0210150959639981,0.1026336720896612,0.2829535696076055
95,OnlineFPCA-adagrad,0.1,4000,100,face,3,5,0.501296043395996,0.02024909144118115,0.0987327949278393,0.27588973281604573,0.02024909144118115,0.0987327949278393,0.27588973281604573
95,OnlineFPCA-adagrad,0.1,4100,100,face,3,5,0.497744560241699,0.07620644920601607,0.06724774848868573,0.2053800004863565,0.02659778926728482,0.03056962089423827,0.1913822301790303
95,OnlineFPCA-adagrad,0.1,4200,100,face,3,5,0.496439456939697,0.06987790300667308,0.13779780084505902,0.10438554009641456,0.01719811761454717,0.04559950839766424,0.1481785213501279
95,OnlineFPCA-adagrad,0.1,4300,100,face,3,5,0.495379686355591,0.04008731471917168,0.04757997935666917,0.19699758347290852,0.02806781609277866,0.04468481179194648,0.13239201445882753
95,OnlineFPCA-adagrad,0.1,4400,100,face,3,5,0.494866609573364,0.0302953307880314,0.05972142732236138,0.13759699020164887,0.02413565196748307,0.04159668022237919,0.12952951845633853
95,OnlineFPCA-adagrad,0.1,4500,100,face,3,5,0.49578070640564,0.04087720259495751,0.05342322348820347,0.0955075554049102,0.01932220723926904,0.03117106447626717,0.11594442251714623
95,OnlineFPCA-adagrad,0.1,4600,100,face,3,5,0.500829696655273,0.03978719111910121,0.05844015366893743,0.2905268885311424,0.01525058595567707,0.02844547169709932,0.1132746595765762
95,OnlineFPCA-adagrad,0.1,4700,100,face,3,5,0.495761632919312,0.09722260288746044,0.1501909721414585,0.1809904107888808,0.00714881053757476,0.02810236203854183,0.10501912277747635
95,OnlineFPCA-adagrad,0.1,4800,100,face,3,5,0.499415874481201,0.1502385026639162,0.11543653582586332,0.18066087901856684,0.00714045097255731,0.02326263273817615,0.07996825954260973
95,OnlineFPCA-adagrad,0.1,4900,100,face,3,5,0.498155117034912,0.06770792926451387,0.09576746317497677,0.17778410860928515,0.00907561425144576,0.02191376423588082,0.09557398361928496
95,OnlineFPCA-adagrad,0.1,5000,100,face,3,5,0.508251905441284,0.05816262272702615,0.0606248488985476,0.0791324313540534,0.00890958631398864,0.01997187358673986,0.0926001108762512
95,OnlineFPCA-adagrad,0.1,5100,100,face,3,5,0.100430488586426,0.03802564372933834,0.02520291514471302,0.16207293969920045,0.0075561420533935,0.01625485467366667,0.10492706217202467
95,OnlineFPCA-adagrad,0.1,5200,100,face,3,5,0.100533485412598,0.05349330888408862,0.10069597157439436,0.11269734492610294,0.00578100064257353,0.01483580178345498,0.10416533615056071
95,OnlineFPCA-adagrad,0.1,5300,100,face,3,5,0.101451396942139,0.06486901735423276,0.07381832961076984,0.05820884316285325,0.00366998677187088,0.01363199213036965,0.105467358333453
95,OnlineFPCA-adagrad,0.1,5400,100,face,3,5,0.103285789489746,0.03532494189835687,0.1215147478055101,0.09201774686682672,0.00312736263940325,0.01495368990482192,0.09963871019122698
95,OnlineFPCA-adagrad,0.1,5500,100,face,3,5,0.101263046264648,0.05981799528222546,0.06878512463077648,0.2740800119521702,0.00264674448667715,0.01891725488404289,0.09828138786594852
95,OnlineFPCA-adagrad,0.1,5600,100,face,3,5,0.104370355606079,0.03575554853953675,0.1155487952457399,0.3407143605449762,0.00373691889821614,0.02056213869039628,0.10629474884867046
95,OnlineFPCA-adagrad,0.1,5700,100,face,3,5,0.0995147228240967,0.095811123963915,0.11529859866436527,0.2486478100320248,0.00394320482830473,0.02355086016586277,0.11508920290995268
95,OnlineFPCA-adagrad,0.1,5800,100,face,3,5,0.0976135730743408,0.11598878161784552,0.14536161676206102,0.2904413194521345,0.00453690132361582,0.02815543332873152,0.11740630706844318
95,OnlineFPCA-adagrad,0.1,5900,100,face,3,5,0.0981879234313965,0.06527354937804389,0.1194879806987043,0.1492162902668231,0.00415230503056687,0.03190017346550822,0.1195767466307028
95,OnlineFPCA-adagrad,0.1,6000,100,face,3,5,0.103263378143311,0.02846667984883905,0.1227714473320256,0.12370093569110267,0.00404893455586562,0.03531514963816504,0.11364333643803864
95,OnlineFPCA-adagrad,0.1,6100,100,face,3,5,0.101600646972656,0.04745812401609381,0.11694967290792813,0.18581416742665893,0.0044644724200352,0.03649840554728044,0.10227943761733442
95,OnlineFPCA-adagrad,0.1,6200,100,face,3,5,0.105027198791504,0.05884699673211294,0.1057186582512338,0.0803530576172383,0.00517498544891124,0.03763639543916407,0.09512030500095894
95,OnlineFPCA-adagrad,0.1,6300,100,face,3,5,0.102634191513062,0.06686419232155288,0.12120933928387156,0.09605798665814833,0.00644768550869279,0.03868848048667939,0.09375891830589282
95,OnlineFPCA-adagrad,0.1,6400,100,face,3,5,0.0992200374603271,0.07556238231873359,0.21584187856542303,0.09456185512084005,0.00611005728927732,0.04009957148183403,0.09082100853528594
95,OnlineFPCA-adagrad,0.1,6500,100,face,3,5,0.101440906524658,0.0521108010889274,0.07944364811179266,0.08608841191371898,0.00601477208076263,0.04185770893645377,0.08895174931030177
95,OnlineFPCA-adagrad,0.1,6600,100,face,3,5,0.105689287185669,0.0828846076604769,0.08421110840864585,0.09926581821371058,0.00457380619398481,0.0415372134774027,0.0861605559330943
95,OnlineFPCA-adagrad,0.1,6700,100,face,3,5,0.1048424243927,0.02772800585255853,0.10585935082855429,0.09674155540052784,0.00389432047895848,0.03983650619231499,0.08493338768715585
95,OnlineFPCA-adagrad,0.1,6800,100,face,3,5,0.106558084487915,0.04258247678828136,0.1391759101327207,0.0499942758714275,0.00372320771149677,0.03830936859055123,0.08095897621829062
95,OnlineFPCA-adagrad,0.1,6900,100,face,3,5,0.103641510009766,0.02416770013008293,0.09902934113894347,0.15464252698787403,0.00391217884151591,0.03791660774849931,0.07686670016527819
95,OnlineFPCA-adagrad,0.1,7000,100,face,3,5,0.100991725921631,0.0559786645245044,0.13516037248778423,0.13436437631911788,0.00381563128171135,0.03683432031119958,0.07524505161288013
95,OnlineFPCA-adagrad,0.1,7100,100,face,3,5,0.10326099395752,0.03586341406306963,0.03636167791527071,0.16638522608698988,0.00351947811417873,0.03607788729441864,0.0714702214746694
95,OnlineFPCA-adagrad,0.1,7200,100,face,3,5,0.10612416267395,0.03011506492972098,0.03687842490541117,0.117464612661863,0.00342721986861871,0.03470752836943211,0.06852487271598143
95,OnlineFPCA-adagrad,0.1,7300,100,face,3,5,0.103357076644897,0.03908813246989901,0.04685913573494426,0.09240350870929014,0.00345486620406441,0.03363073158259343,0.06779227700899323
95,OnlineFPCA-adagrad,0.1,7400,100,face,3,5,0.106947660446167,0.05058552711629246,0.0959676733711296,0.15513815981553927,0.00325789997342636,0.0317910088310798,0.06863860750792454
95,OnlineFPCA-adagrad,0.1,7500,100,face,3,5,0.100620746612549,0.03411523836437721,0.08654535229441622,0.15182847550480105,0.00310839300108837,0.03050756661971589,0.06767993419829364
95,OnlineFPCA-adagrad,0.1,7600,100,face,3,5,0.103928565979004,0.09820538092939908,0.09957073754878112,0.15651019194214624,0.0032556347409537,0.02961732472519997,0.06595419101032285
95,OnlineFPCA-adagrad,0.1,7700,100,face,3,5,0.103072643280029,0.03953673554530473,0.06874592902469841,0.06948122592715804,0.00300284414625058,0.02879370371310865,0.06499802686889089
95,OnlineFPCA-adagrad,0.1,7800,100,face,3,5,0.10454797744751,0.04934607524459326,0.10000460628627518,0.07464885718833847,0.00298025235945003,0.0295403335058728,0.06339757854151895
95,OnlineFPCA-adagrad,0.1,7900,100,face,3,5,0.101586103439331,0.06327582757805628,0.06271449483729896,0.12344243063592789,0.00247528030118026,0.03031977387331382,0.06365954758405107
95,OnlineFPCA-adagrad,0.1,8000,100,face,3,5,0.102214097976685,0.03926774557836704,0.06907734889289836,0.08826063614220403,0.00248440423833337,0.03033466404838268,0.06386015453007811
95,OnlineFPCA-adagrad,0.1,8100,100,face,3,5,0.0992922782897949,0.12375576191873457,0.06137986151334703,0.08434787868317807,0.00281001932950588,0.03011214799518101,0.06492825452659372
95,OnlineFPCA-adagrad,0.1,8200,100,face,3,5,0.0998332500457764,0.03003791007871107,0.04571509364683284,0.09705197146544516,0.00260014030847828,0.03034119667886389,0.0645679608056916
95,OnlineFPCA-adagrad,0.1,8300,100,face,3,5,0.103128910064697,0.06283718405119472,0.04575154878902391,0.06742829107322493,0.00256236735909368,0.03025731292105898,0.064331407786320155
95,OnlineFPCA-adagrad,0.1,8400,100,face,3,5,0.113164901733398,0.11224273885114631,0.2878256486941707,0.3711951310948064,0.00431410276963805,0.03408511392672334,0.07026853210246185
95,OnlineFPCA-adagrad,0.1,8500,100,face,3,5,0.103179931640625,0.08275852396592513,0.1692922486599272,0.28567794342429537,0.00552684037805523,0.03789816620158357,0.07514369796284465
95,OnlineFPCA-adagrad,0.1,8600,100,face,3,5,0.106112957000732,0.06043456136883297,0.13608669316947636,0.1842896169402342,0.00662908376730976,0.03976635389158303,0.07790615762347489
95,OnlineFPCA-adagrad,0.1,8700,100,face,3,5,0.0994973182678223,0.04083776420408149,0.1003409624516833,0.12099301261755034,0.00706681733893771,0.04070911951461227,0.08000072156443543
95,OnlineFPCA-adagrad,0.1,8800,100,face,3,5,0.0999233722686768,0.04216842314284955,0.120996494216013,0.10637635544782746,0.00729204664538678,0.04179540830057396,0.07962660393492414
95,OnlineFPCA-adagrad,0.1,8900,100,face,3,5,0.103407621383667,0.03769813769720254,0.1361877970988637,0.15252747841731826,0.00728883993632396,0.04296328253396662,0.07973117474580864
95,OnlineFPCA-adagrad,0.1,9000,100,face,3,5,0.107756614685059,0.04785526735904538,0.11053615906531984,0.10352213214866555,0.00719676823131196,0.04403651915065098,0.07985214071172592
95,OnlineFPCA-adagrad,0.1,9100,100,face,3,5,0.104198455810547,0.06165973323622611,0.0926225941231427,0.12262690143754142,0.00721764533916523,0.04528543538762838,0.07955790022023745
95,OnlineFPCA-adagrad,0.1,9200,100,face,3,5,0.106659889221191,0.02607852781455947,0.10426527671112762,0.08474155169630539,0.00727344887559792,0.04555641077010779,0.07970102705289703
95,OnlineFPCA-adagrad,0.1,9300,100,face,3,5,0.100374221801758,0.02067970528456236,0.04830432280050267,0.10399139770240334,0.00734164688520964,0.0457158217292885,0.07878558163518029
95,OnlineFPCA-adagrad,0.1,9400,100,face,3,5,0.102590560913086,0.01991396331719193,0.072078191983216,0.12377094009478529,0.00726247603978243,0.04542735151155894,0.07909742868391786
95,OnlineFPCA-adagrad,0.1,9500,100,face,3,5,0.104361772537231,0.02897821094932182,0.04550156450371129,0.09893317503714524,0.00708332924705767,0.04511068647504541,0.07872674208067469
95,OnlineFPCA-adagrad,0.1,9600,100,face,3,5,0.105835199356079,0.03911106767389064,0.05610136282935316,0.16480542326964848,0.00687562600264809,0.04489145806976293,0.07875037963740812
95,OnlineFPCA-adagrad,0.1,9700,100,face,3,5,0.104584217071533,0.05437506708293712,0.09465059059954407,0.12108292008684096,0.00622359070169931,0.04494693974106217,0.07849639836963546
95,OnlineFPCA-adagrad,0.1,9800,100,face,3,5,0.101228713989258,0.09907799051168048,0.07429347878947092,0.10933342502709828,0.00611933230899719,0.04460714353558187,0.07606576518184552
95,OnlineFPCA-adagrad,0.1,9900,100,face,3,5,0.100353717803955,0.04737822457518678,0.07408768549960482,0.05708570174204449,0.00618460757434349,0.04397103629540671,0.0758644614099682
95,OnlineFPCA-adagrad,0.1,10000,100,face,3,5,0.102061748504639,0.03163323673776229,0.05147868352459564,0.09009261887378874,0.00598478346630821,0.04372634277506191,0.0745224174178455
95,OnlineFPCA-adagrad,0.1,10100,100,face,3,5,0.104712724685669,0.03351224809287036,0.01644865836196484,0.06233107125118793,0.00591962261667729,0.0434785921421053,0.07489276785836595
95,OnlineFPCA-adagrad,0.1,10200,100,face,3,5,0.10747241973877,0.02535750967136559,0.0771235017691123,0.08516309208134251,0.00574473397630705,0.04301479210734422,0.07403606831263974
95,OnlineFPCA-adagrad,0.1,10300,100,face,3,5,0.10435676574707,0.04241958531511856,0.0589688318823191,0.05292012010703628,0.00531897016768242,0.04250417995844109,0.0739762739319862
95,OnlineFPCA-adagrad,0.1,10400,100,face,3,5,0.103955984115601,0.023445146952482,0.0801376802065441,0.07191983942018858,0.00484237062609441,0.04215008003591774,0.0731665843775569
95,OnlineFPCA-adagrad,0.1,10500,100,face,3,5,0.100634098052979,0.03424340628034336,0.06649705282713593,0.21627431375931455,0.00487666005537694,0.04213852456515577,0.07304157019050425
95,OnlineFPCA-adagrad,0.1,10600,100,face,3,5,0.102962017059326,0.0318989371787542,0.06701224808219161,0.21966323661903953,0.00471794310227578,0.04187240962271441,0.07422767013712829
95,OnlineFPCA-adagrad,0.1,10700,100,face,3,5,0.104036569595337,0.05758943744933063,0.0718096913709711,0.17587334131285032,0.0044576945276251,0.04158073802587108,0.07529042067868824
95,OnlineFPCA-adagrad,0.1,10800,100,face,3,5,0.106538534164429,0.09175895082078887,0.10141177776409944,0.20755931837030375,0.00431774597688639,0.04150479502525859,0.0758510130565917
95,OnlineFPCA-adagrad,0.1,10900,100,face,3,5,0.104073762893677,0.05058469968867361,0.07779836077850175,0.12049929054141066,0.00416934233830768,0.04165337876674305,0.0761474462745155
95,OnlineFPCA-adagrad,0.1,11000,100,face,3,5,0.103998899459839,0.02315805612847537,0.08917655770834274,0.08535274101088298,0.00402506427337348,0.04204291870552076,0.07515239379464998
95,OnlineFPCA-adagrad,0.1,11100,100,face,3,5,0.101021528244019,0.03557879930583375,0.08353380969666345,0.1455359498931077,0.00421948132261364,0.04224824607902824,0.0730185992649505
95,OnlineFPCA-adagrad,0.1,11200,100,face,3,5,0.102693319320679,0.04643859098016058,0.07892217221517675,0.05293943198139489,0.0045005106479519,0.04226355168535712,0.07136216878147868
95,OnlineFPCA-adagrad,0.1,11300,100,face,3,5,0.102577209472656,0.05975909343439414,0.10363442562174684,0.07411346605630931,0.004898449785771,0.04217658284155073,0.07077531822055394
95,OnlineFPCA-adagrad,0.1,11400,100,face,3,5,0.107262134552002,0.05441807961437206,0.15834731396456042,0.07878530032073233,0.00485613446770354,0.04239137764225017,0.0702413186045412
95,OnlineFPCA-adagrad,0.1,11500,100,face,3,5,0.103893995285034,0.0402034114620568,0.06471930465024672,0.06694761063134559,0.00484468463776855,0.04276765205891906,0.06998807777598072
95,OnlineFPCA-adagrad,0.1,11600,100,face,3,5,0.107296705245972,0.0634410212979484,0.0690670066021738,0.07800857790894142,0.00442076720215861,0.04259036173490792,0.06938708175164071
95,OnlineFPCA-adagrad,0.1,11700,100,face,3,5,0.100220680236816,0.0192135518179544,0.08452518977233461,0.07717004280965555,0.00407356551333953,0.04205024553310198,0.06910367398319284
95,OnlineFPCA-adagrad,0.1,11800,100,face,3,5,0.259602308273315,0.02955285913971626,0.10140006290798063,0.04269521005618831,0.00394763739157942,0.04146527914884763,0.06801798422620017
95,OnlineFPCA-adagrad,0.1,11900,100,face,3,5,0.102553367614746,0.02555875073842692,0.0862978889861097,0.12861403429294058,0.00392236363737542,0.04122552944886568,0.06680374389962879
95,OnlineFPCA-adagrad,0.1,12000,100,face,3,5,0.105359554290771,0.04105542473152202,0.07827808311678451,0.10034046476953824,0.00398524553452613,0.04072494689004619,0.06607714672009417
95,OnlineFPCA-adagrad,0.1,12100,100,face,3,5,0.102823257446289,0.03136795931458473,0.03005327399160678,0.13513992249129017,0.00390275977468185,0.04023785534105639,0.06473332151162595
95,OnlineFPCA-adagrad,0.1,12200,100,face,3,5,0.10708475112915,0.02860545410633683,0.02992192928950145,0.09468448851483366,0.00389778686791731,0.03957687269463381,0.06362836230667555
95,OnlineFPCA-adagrad,0.1,12300,100,face,3,5,0.103130578994751,0.02973974773383195,0.03587115893072309,0.0804738468216949,0.0037946873216491,0.03901996027107244,0.06328340412298
95,OnlineFPCA-adagrad,0.1,12400,100,face,3,5,0.103799104690552,0.03650959465932657,0.07025544213958934,0.13889281856383462,0.00372159781876723,0.03825070810562445,0.06352825798037118
95,OnlineFPCA-adagrad,0.1,12500,100,face,3,5,0.1041259765625,0.02564888875981914,0.07471705330217221,0.11019497361572744,0.00351131020397901,0.03757710097895132,0.06324321842781229
95,OnlineFPCA-adagrad,0.1,12600,100,face,3,5,0.106349468231201,0.09396360189389538,0.0801962572196326,0.13590549712858083,0.00350707467243513,0.03703022048817522,0.06254824968196457
95,OnlineFPCA-adagrad,0.1,12700,100,face,3,5,0.103964328765869,0.03635923605915493,0.05154964715422474,0.07088724171451463,0.00340694060388771,0.0366536681830647,0.06213916507295117
95,OnlineFPCA-adagrad,0.1,12800,100,face,3,5,0.107259511947632,0.02655082257626765,0.07917168039138855,0.06245175527840818,0.00341566422866967,0.03674159999276624,0.06147288222515402
95,OnlineFPCA-adagrad,0.1,12900,100,face,3,5,0.100680828094482,0.05644456482828103,0.04061010850310274,0.0907924465734198,0.00330801218851837,0.03676553242175342,0.06112980833223772
95,OnlineFPCA-adagrad,0.1,13000,100,face,3,5,0.100765943527222,0.03225977275172975,0.0553905544964507,0.06097630258805474,0.00336219259959179,0.03659272912029086,0.06082628632366667
95,OnlineFPCA-adagrad,0.1,13100,100,face,3,5,0.104269027709961,0.09711805344908432,0.04851366296627027,0.07329534027464966,0.00346857465500079,0.03637284659729595,0.0611077411217756
95,OnlineFPCA-adagrad,0.1,13200,100,face,3,5,0.107108592987061,0.02910290668768521,0.03561585354516107,0.07873066542226448,0.00335418156850222,0.03626809902478601,0.06101602957049999
95,OnlineFPCA-adagrad,0.1,13300,100,face,3,5,0.10352611541748,0.05395086126404549,0.03254245826416533,0.05419343376353224,0.00332636246921405,0.03602127011492084,0.06088004214791964
95,OnlineFPCA-adagrad,0.1,13400,100,face,3,5,0.107177495956421,0.06541817007469468,0.14211502583855906,0.2028030350974424,0.00383212709182257,0.0368395417908757,0.06214088547197671
95,OnlineFPCA-adagrad,0.1,13500,100,face,3,5,0.101294279098511,0.05328518759963289,0.08606118368234679,0.12963658740406175,0.00413925335022892,0.03745511421845746,0.06290384994998971
95,OnlineFPCA-adagrad,0.1,13600,100,face,3,5,0.100943803787231,0.05023422831156086,0.07854238126208928,0.08584906530254931,0.00448668661439764,0.03759954331234057,0.06296719817350503
95,OnlineFPCA-adagrad,0.1,13700,100,face,3,5,0.103945732116699,0.0318448614657036,0.06653794249960852,0.09450247927044964,0.00461935755453241,0.03765344148535145,0.06339219529928986
95,OnlineFPCA-adagrad,0.1,13800,100,face,3,5,0.10668158531189,0.03941851457606244,0.0821305352432512,0.0731616279693837,0.00474269272467094,0.03783196582951882,0.06335904077152825
95,OnlineFPCA-adagrad,0.1,13900,100,face,3,5,0.103594064712524,0.02879357611358934,0.09122665001568014,0.11716262629811904,0.00475349410516274,0.03807794996009042,0.06340807810019822
95,OnlineFPCA-adagrad,0.1,14000,100,face,3,5,0.104345321655273,0.03507966419915105,0.07403211790390254,0.07715950073985575,0.00472982661957866,0.0383165426975743,0.06339363869920212
95,OnlineFPCA-adagrad,0.1,14100,100,face,3,5,0.099764347076416,0.05494096829327041,0.0669078864780715,0.08734198788831454,0.00474800781743445,0.03864289759864776,0.06310321509243803
95,OnlineFPCA-adagrad,0.1,14200,100,face,3,5,0.10826587677002,0.02185675791075458,0.08709493307981428,0.06779055790192745,0.0047916120488797,0.03866705461374194,0.06313173610160847
95,OnlineFPCA-adagrad,0.1,14300,100,face,3,5,0.099459171295166,0.02035486347617691,0.03818222844824395,0.07511844115596297,0.00481204904436372,0.0386660895046198,0.06273643069385258
95,OnlineFPCA-adagrad,0.1,14400,100,face,3,5,0.10595440864563,0.01816507334362547,0.06347466567788582,0.10976833336476552,0.00479540190803851,0.0385130383802215,0.06286484686529023
95,OnlineFPCA-adagrad,0.1,14500,100,face,3,5,0.113361358642578,0.02553738689842534,0.03721951457527305,0.09179241355397216,0.00476050194236894,0.03833974140860579,0.06274373781460708
95,OnlineFPCA-adagrad,0.1,14600,100,face,3,5,0.105528831481934,0.03681140271080029,0.04610062801235771,0.1422641544414949,0.00470800206420609,0.03821301252430949,0.06282594214902293
95,OnlineFPCA-adagrad,0.1,14700,100,face,3,5,0.102759599685669,0.04424265481675166,0.07748011797085842,0.10301664364872126,0.00443181809518616,0.03820292830222095,0.06280143565728404
95,OnlineFPCA-adagrad,0.1,14800,100,face,3,5,0.0997781753540039,0.08070598320751798,0.0571141746599308,0.09214194238617618,0.00438170838190796,0.03802400758883019,0.06173324202094875
95,OnlineFPCA-adagrad,0.1,14900,100,face,3,5,0.103075742721558,0.04046403873598549,0.06177273836000568,0.04350992139011372,0.00439430557218533,0.03774096478166351,0.0614075252746589
95,OnlineFPCA-adagrad,0.1,15000,100,face,3,5,0.10631537437439,0.03041518086115287,0.04953527945762102,0.08191621678588804,0.00427546598662923,0.0376574902911649,0.06071559072921807
95,OnlineCov,NA,100,NA,NA,3,NA,3.59629988670349,0.064888381746832,0.8080807108394824,0.9034053510557424,0.064888381746832,0.8080807108394824,0.9034053510557424
95,OnlineCov,NA,200,NA,NA,3,NA,3.81838583946228,0.06017788499516761,0.35655490880254903,1.3012062595271334,0.06017788499516761,0.35655490880254903,1.3012062595271334
95,OnlineCov,NA,300,NA,NA,3,NA,3.81521558761597,0.0737511242386005,0.37549252639034286,0.491161691660118,0.0737511242386005,0.37549252639034286,0.491161691660118
95,OnlineCov,NA,400,NA,NA,3,NA,3.94310140609741,0.0380717526744022,0.23887422278191636,0.9779469171878878,0.0380717526744022,0.23887422278191636,0.9779469171878878
95,OnlineCov,NA,500,NA,NA,3,NA,3.71948862075806,0.0312429581029823,0.15028935888479228,1.24828631053943,0.0312429581029823,0.15028935888479228,1.24828631053943
95,OnlineCov,NA,600,NA,NA,3,NA,3.98045992851257,0.03416599875795111,0.08860780360045682,1.2951195620939688,0.03416599875795111,0.08860780360045682,1.2951195620939688
95,OnlineCov,NA,700,NA,NA,3,NA,4.20722651481628,0.04408096931287624,0.10872406204467625,1.3722991848199453,0.04408096931287624,0.10872406204467625,1.3722991848199453
95,OnlineCov,NA,800,NA,NA,3,NA,3.97823190689087,0.03126534100123415,0.12831052033542986,1.347991880575529,0.03126534100123415,0.12831052033542986,1.347991880575529
95,OnlineCov,NA,900,NA,NA,3,NA,3.38465547561646,0.02724402675199621,0.19204842316736911,1.2807030607382228,0.02724402675199621,0.19204842316736911,1.2807030607382228
95,OnlineCov,NA,1000,NA,NA,3,NA,3.50218749046326,0.02912568842632508,0.20932243857578295,1.336329965377408,0.02912568842632508,0.20932243857578295,1.336329965377408
95,OnlineCov,NA,1100,NA,NA,3,NA,3.84472918510437,0.02287398432468874,0.14233611162482754,1.3469964986420049,0.02287398432468874,0.14233611162482754,1.3469964986420049
95,OnlineCov,NA,1200,NA,NA,3,NA,3.55523800849915,0.02123192283913624,0.09890905141897022,1.1610195745252565,0.02123192283913624,0.09890905141897022,1.1610195745252565
95,OnlineCov,NA,1300,NA,NA,3,NA,4.14098715782166,0.01615233108107571,0.11020820241521372,1.1974930412629414,0.01615233108107571,0.11020820241521372,1.1974930412629414
95,OnlineCov,NA,1400,NA,NA,3,NA,3.85643243789673,0.01922669779387317,0.12007319730337186,0.980856030415046,0.01922669779387317,0.12007319730337186,0.980856030415046
95,OnlineCov,NA,1500,NA,NA,3,NA,4.13559031486511,0.01735792896729887,0.14121229957732118,0.9213846817662386,0.01735792896729887,0.14121229957732118,0.9213846817662386
95,OnlineCov,NA,1600,NA,NA,3,NA,3.54873085021973,0.01834329229685325,0.11662196515519854,1.0662377883118084,0.01834329229685325,0.11662196515519854,1.0662377883118084
95,OnlineCov,NA,1700,NA,NA,3,NA,3.98479127883911,0.01981474511398033,0.11992592398015794,0.6638841227672281,0.01981474511398033,0.11992592398015794,0.6638841227672281
95,OnlineCov,NA,1800,NA,NA,3,NA,3.81522297859192,0.02079017571896255,0.11373325305671736,0.4421868881792668,0.02079017571896255,0.11373325305671736,0.4421868881792668
95,OnlineCov,NA,1900,NA,NA,3,NA,3.55085921287537,0.02183300618167908,0.1192578702301094,0.5219353532808101,0.02183300618167908,0.1192578702301094,0.5219353532808101
95,OnlineCov,NA,2000,NA,NA,3,NA,3.73271870613098,0.02004023732925762,0.10955263433095476,0.5618396142001517,0.02004023732925762,0.10955263433095476,0.5618396142001517
95,OnlineCov,NA,2100,NA,NA,3,NA,4.12700772285461,0.01907291883994513,0.13719731701842763,0.43345968350716063,0.01907291883994513,0.13719731701842763,0.43345968350716063
95,OnlineCov,NA,2200,NA,NA,3,NA,3.73526120185852,0.01627087679474195,0.13092365063226546,0.4336268980442676,0.01627087679474195,0.13092365063226546,0.4336268980442676
95,OnlineCov,NA,2300,NA,NA,3,NA,3.97626447677612,0.01720925118013864,0.14021336712034357,0.3909030483830158,0.01720925118013864,0.14021336712034357,0.3909030483830158
95,OnlineCov,NA,2400,NA,NA,3,NA,3.90951800346375,0.01582049172124509,0.13515425719244062,0.43433194947479176,0.01582049172124509,0.13515425719244062,0.43433194947479176
95,OnlineCov,NA,2500,NA,NA,3,NA,4.61318397521973,0.0155073453798166,0.12122603520361862,0.515834956460289,0.0155073453798166,0.12122603520361862,0.515834956460289
95,OnlineCov,NA,2600,NA,NA,3,NA,4.21964955329895,0.01527988502686653,0.1339869763908199,0.5068082215678869,0.01527988502686653,0.1339869763908199,0.5068082215678869
95,OnlineCov,NA,2700,NA,NA,3,NA,3.82285022735596,0.01120136869451837,0.11464131143131044,0.34835082820755653,0.01120136869451837,0.11464131143131044,0.34835082820755653
95,OnlineCov,NA,2800,NA,NA,3,NA,3.89890289306641,0.01345191431617057,0.11987061834540017,0.3282782962333114,0.01345191431617057,0.11987061834540017,0.3282782962333114
95,OnlineCov,NA,2900,NA,NA,3,NA,3.91327381134033,0.01542119817028802,0.13310861368154636,0.26703165040347404,0.01542119817028802,0.13310861368154636,0.26703165040347404
95,OnlineCov,NA,3000,NA,NA,3,NA,3.9711434841156,0.01640732510346268,0.1384982512598536,0.2466143008541695,0.01640732510346268,0.1384982512598536,0.2466143008541695
95,OnlineCov,NA,3100,NA,NA,3,NA,4.02780413627625,0.01728201769108823,0.1505509637376575,0.20400416681983996,0.01728201769108823,0.1505509637376575,0.20400416681983996
95,OnlineCov,NA,3200,NA,NA,3,NA,4.16039562225342,0.01711219162939325,0.15738517730157744,0.21328851517714037,0.01711219162939325,0.15738517730157744,0.21328851517714037
95,OnlineCov,NA,3300,NA,NA,3,NA,4.26053500175476,0.01672119903593871,0.1436030207633484,0.2515601912109621,0.01672119903593871,0.1436030207633484,0.2515601912109621
95,OnlineCov,NA,3400,NA,NA,3,NA,4.39896392822266,0.01696164764333652,0.14496430548051295,0.23593717818028967,0.01696164764333652,0.14496430548051295,0.23593717818028967
95,OnlineCov,NA,3500,NA,NA,3,NA,4.46029305458069,0.01548134118063879,0.13642953492647386,0.2464398233417643,0.01548134118063879,0.13642953492647386,0.2464398233417643
95,OnlineCov,NA,3600,NA,NA,3,NA,4.12443828582764,0.01612500070069817,0.12241921037944568,0.25126256188034596,0.01612500070069817,0.12241921037944568,0.25126256188034596
95,OnlineCov,NA,3700,NA,NA,3,NA,3.97022247314453,0.0185622721146243,0.1074390978316674,0.221204233149529,0.0185622721146243,0.1074390978316674,0.221204233149529
95,OnlineCov,NA,3800,NA,NA,3,NA,3.85204315185547,0.01807491278905308,0.10873152472524074,0.20798920402578228,0.01807491278905308,0.10873152472524074,0.20798920402578228
95,OnlineCov,NA,3900,NA,NA,3,NA,4.0224289894104,0.01908362858220256,0.12011529145528668,0.20420434247345257,0.01908362858220256,0.12011529145528668,0.20420434247345257
95,OnlineCov,NA,4000,NA,NA,3,NA,4.38414072990417,0.01857775983120763,0.11973150217480272,0.17090810634075318,0.01857775983120763,0.11973150217480272,0.17090810634075318
95,OnlineCov,NA,4100,NA,NA,3,NA,4.16316890716553,0.01752682265971919,0.13021345935452514,0.15670108466500365,0.01752682265971919,0.13021345935452514,0.15670108466500365
95,OnlineCov,NA,4200,NA,NA,3,NA,3.69608402252197,0.01711268023510769,0.12730288437324852,0.16112304030739863,0.01711268023510769,0.12730288437324852,0.16112304030739863
95,OnlineCov,NA,4300,NA,NA,3,NA,4.58500409126282,0.01679906854203078,0.1214920785603254,0.1330174643115931,0.01679906854203078,0.1214920785603254,0.1330174643115931
95,OnlineCov,NA,4400,NA,NA,3,NA,3.80620646476746,0.0179202752634815,0.12463764672775976,0.1290920993007415,0.0179202752634815,0.12463764672775976,0.1290920993007415
95,OnlineCov,NA,4500,NA,NA,3,NA,4.08469033241272,0.01884567476782573,0.12173338840098807,0.135260194118849,0.01884567476782573,0.12173338840098807,0.135260194118849
95,OnlineCov,NA,4600,NA,NA,3,NA,3.89541673660278,0.02057808253569667,0.1273414208615586,0.14991035883688225,0.02057808253569667,0.1273414208615586,0.14991035883688225
95,OnlineCov,NA,4700,NA,NA,3,NA,3.92582488059998,0.01889802116844526,0.12719555438222094,0.13529072445421628,0.01889802116844526,0.12719555438222094,0.13529072445421628
95,OnlineCov,NA,4800,NA,NA,3,NA,3.5062084197998,0.01818370580894075,0.11948413076775576,0.12574811814192036,0.01818370580894075,0.11948413076775576,0.12574811814192036
95,OnlineCov,NA,4900,NA,NA,3,NA,3.62936329841614,0.01715540389017182,0.11878940558605797,0.11201674679016486,0.01715540389017182,0.11878940558605797,0.11201674679016486
95,OnlineCov,NA,5000,NA,NA,3,NA,3.82804298400879,0.01663293096535596,0.11615278527159,0.10277924340163372,0.01663293096535596,0.11615278527159,0.10277924340163372
95,Batch-PACE,NA,5000,NA,NA,3,5000,27.6861064434052,0.02292141430219587,0.15901716310887506,0.13672580779388763,0.02292141430219587,0.15901716310887506,0.13672580779388763
95,Batch-FACE,NA,5000,NA,NA,3,5000,56.4368100166321,0.01103247296417422,0.05394760952641014,0.10221097277920034,0.01103247296417422,0.05394760952641014,0.10221097277920034
95,Batch-REML,NA,5000,NA,NA,3,5000,148.941395998001,0.00375527106427342,0.01401987501613847,0.02529096708570704,0.00375527106427342,0.01401987501613847,0.02529096708570704
95,Batch-SOAP,NA,5000,NA,NA,3,5000,84.4792227745056,0.01494915099513033,0.05309046079227447,0.2038238122897039,0.01494915099513033,0.05309046079227447,0.2038238122897039
