seed,Method,StepSize,N,nBatch,Time,RMSEphi1,RMSEphi2,RMSEphi3,RMSEphi4,RMSEphi1.avg,RMSEphi2.avg,RMSEphi3.avg,RMSEphi4.avg
37,Pspline-SGD,0.2,0,5,22.4341912269592,0.9354082187553687,1.4249338917707481,1.107944921306016,1.1816978400504756,0.9354082187553687,1.4249338917707481,1.107944921306016,1.1816978400504756
37,Pspline-SGD,0.2,100,5,1.03157949447632,0.9922539136541573,1.4501210647717044,0.9751881509128004,1.1344455955934603,0.9922539136541573,1.4501210647717044,0.9751881509128004,1.1344455955934603
37,Pspline-SGD,0.2,200,5,0.997422695159912,1.0205049120149385,1.4745185076761538,0.8871194858934008,1.1554685209515267,1.0205049120149385,1.4745185076761538,0.8871194858934008,1.1554685209515267
37,Pspline-SGD,0.2,300,5,1.15110230445862,1.063536413733123,1.4969141343883543,0.8262824641590707,1.1980138120150818,1.063536413733123,1.4969141343883543,0.8262824641590707,1.1980138120150818
37,Pspline-SGD,0.2,400,5,1.00913190841675,1.1098041281040512,1.5120610907939527,0.8155999116360299,1.2323484201622341,1.1098041281040512,1.5120610907939527,0.8155999116360299,1.2323484201622341
37,Pspline-SGD,0.2,500,5,1.00963735580444,1.183212130434797,1.5096002213563562,0.8390287548595047,1.249087985381927,1.183212130434797,1.5096002213563562,0.8390287548595047,1.249087985381927
37,Pspline-SGD,0.2,600,5,0.986653566360474,1.232213368493293,1.506656140769416,0.873704947027026,1.2559256625988466,1.232213368493293,1.506656140769416,0.873704947027026,1.2559256625988466
37,Pspline-SGD,0.2,700,5,0.981555223464966,1.2618507970414727,1.5033361477759193,0.903361346514638,1.2588804171510282,1.2618507970414727,1.5033361477759193,0.903361346514638,1.2588804171510282
37,Pspline-SGD,0.2,800,5,0.976258754730225,1.2783464998582585,1.500027385106378,0.9269857494288944,1.2606385799814812,1.2783464998582585,1.500027385106378,0.9269857494288944,1.2606385799814812
37,Pspline-SGD,0.2,900,5,0.98110294342041,1.2886926465956752,1.4963289270305389,0.9450096904580109,1.2615478043880888,1.2886926465956752,1.4963289270305389,0.9450096904580109,1.2615478043880888
37,Pspline-SGD,0.2,1000,5,0.985682249069214,1.307633558335919,1.4882316467195336,0.9596036035500469,1.2580164060229984,1.307633558335919,1.4882316467195336,0.9596036035500469,1.2580164060229984
37,Pspline-SGD,0.2,1100,5,0.982223272323608,1.3072312180880425,1.4842074625106978,0.9691195525306242,1.2577319997448333,1.3072312180880425,1.4842074625106978,0.9691195525306242,1.2577319997448333
37,Pspline-SGD,0.2,1200,5,0.978502511978149,1.3063829264059441,1.4819128520815963,0.9765470553914771,1.2581953955592502,1.3063829264059441,1.4819128520815963,0.9765470553914771,1.2581953955592502
37,Pspline-SGD,0.2,1300,5,0.98125958442688,1.3075146206245543,1.4802997978799721,0.981913181302787,1.2583655419688735,1.3075146206245543,1.4802997978799721,0.981913181302787,1.2583655419688735
37,Pspline-SGD,0.2,1400,5,0.977906227111816,1.3103297588905976,1.477405918607867,0.9852082455828759,1.2574730072598248,1.3103297588905976,1.477405918607867,0.9852082455828759,1.2574730072598248
37,Pspline-SGD,0.2,1500,5,1.09978795051575,1.3125041244906919,1.4734154205366168,0.9883094449891594,1.2556067693484774,1.3125041244906919,1.4734154205366168,0.9883094449891594,1.2556067693484774
37,Pspline-SGD,0.2,1600,5,0.974676609039307,1.3098828077743447,1.4716201116375944,0.9904294066764411,1.2558339865886765,1.3098828077743447,1.4716201116375944,0.9904294066764411,1.2558339865886765
37,Pspline-SGD,0.2,1700,5,0.985309839248657,1.3095779914554333,1.470382937697984,0.9919556109487554,1.2559287195723488,1.3095779914554333,1.470382937697984,0.9919556109487554,1.2559287195723488
37,Pspline-SGD,0.2,1800,5,0.978787899017334,1.307833050024209,1.4693130302666837,0.9928438042777781,1.2563588303492501,1.307833050024209,1.4693130302666837,0.9928438042777781,1.2563588303492501
37,Pspline-SGD,0.2,1900,5,0.988655090332031,1.3059861245426625,1.4678941055135315,0.9934504636034893,1.256557487764174,1.3059861245426625,1.4678941055135315,0.9934504636034893,1.256557487764174
37,Pspline-SGD,0.2,2000,5,0.995347499847412,1.3051110931433871,1.4644934693702487,0.993924890815873,1.2551117960633826,1.3051110931433871,1.4644934693702487,0.993924890815873,1.2551117960633826
37,Pspline-SGD,0.2,2100,5,0.985216379165649,1.3047558876531498,1.4645693640192374,0.9940919227545402,1.2559005038566018,1.3047558876531498,1.4645693640192374,0.9940919227545402,1.2559005038566018
37,Pspline-SGD,0.2,2200,5,0.989604473114014,1.3039270588695333,1.4607403756111543,0.9941150047498395,1.2542655001846208,1.3039270588695333,1.4607403756111543,0.9941150047498395,1.2542655001846208
37,Pspline-SGD,0.2,2300,5,0.99116039276123,1.3042425310689834,1.4593405191164643,0.993894956725651,1.2538053248879557,1.3042425310689834,1.4593405191164643,0.993894956725651,1.2538053248879557
37,Pspline-SGD,0.2,2400,5,1.00027275085449,1.301833209500115,1.4580992392520766,0.993873610704329,1.2541136978547416,1.301833209500115,1.4580992392520766,0.993873610704329,1.2541136978547416
37,Pspline-SGD,0.2,2500,5,0.990359306335449,1.3004661520679734,1.456806486429689,0.9937094508013543,1.2541412988536713,1.3004661520679734,1.456806486429689,0.9937094508013543,1.2541412988536713
37,Pspline-SGD,0.2,2600,5,0.990850687026978,1.2988579086685264,1.4556427578125393,0.9933961708796284,1.2542929227335438,1.2988579086685264,1.4556427578125393,0.9933961708796284,1.2542929227335438
37,Pspline-SGD,0.2,2700,5,0.997746229171753,1.2972400200746275,1.454327141440889,0.993040541469155,1.2543354598643428,1.2972400200746275,1.454327141440889,0.993040541469155,1.2543354598643428
37,Pspline-SGD,0.2,2800,5,0.984145402908325,1.296429297129566,1.4524579957538948,0.9927715647114449,1.253796009295514,1.296429297129566,1.4524579957538948,0.9927715647114449,1.253796009295514
37,Pspline-SGD,0.2,2900,5,0.986083745956421,1.2951931851732212,1.450708340365178,0.9922985740601166,1.2535653748426752,1.2951931851732212,1.450708340365178,0.9922985740601166,1.2535653748426752
37,Pspline-SGD,0.2,3000,5,0.984911441802979,1.2936538396404298,1.4498727460052525,0.99199160668881,1.2538554798402721,1.2936538396404298,1.4498727460052525,0.99199160668881,1.2538554798402721
37,Pspline-SGD,0.2,3100,5,0.990684509277344,1.2923109507500707,1.4485641734476262,0.9915620473937751,1.2538297026088572,1.2923109507500707,1.4485641734476262,0.9915620473937751,1.2538297026088572
37,Pspline-SGD,0.2,3200,5,0.988847732543945,1.2910436102172116,1.446065625191813,0.9910778280556555,1.25308089783852,1.2910436102172116,1.446065625191813,0.9910778280556555,1.25308089783852
37,Pspline-SGD,0.2,3300,5,0.987461805343628,1.2897330134071079,1.444798511388449,0.9906149219281642,1.2530565975111527,1.2897330134071079,1.444798511388449,0.9906149219281642,1.2530565975111527
37,Pspline-SGD,0.2,3400,5,0.984902858734131,1.288518261456556,1.443922944457834,0.9901434034697194,1.253269785456219,1.288518261456556,1.443922944457834,0.9901434034697194,1.253269785456219
37,Pspline-SGD,0.2,3500,5,0.984193801879883,1.2871891635894706,1.4427392576337628,0.9896977724964919,1.2532923420796798,1.287166024089494,1.4429317329252203,0.989685663010089,1.2531556435408757
37,Pspline-SGD,0.2,3600,5,1.01600790023804,1.2858142875820002,1.4414180541912929,0.989252891987137,1.2532709963329645,1.286432315883474,1.4422593997723856,0.9894663775006727,1.2531435940437283
37,Pspline-SGD,0.2,3700,5,1.02048349380493,1.28457376064101,1.4402140383616795,0.9887556792842549,1.2532922334159187,1.2858228388079163,1.4416626792353353,0.9892250909805004,1.2531530404278612
37,Pspline-SGD,0.2,3800,5,1.01261520385742,1.2835387856948544,1.4388095844906268,0.9882850400169997,1.2531287541651883,1.2852149634165275,1.4409931510882013,0.9889801996489707,1.2531191141641398
37,Pspline-SGD,0.2,3900,5,1.01660823822021,1.2826021765916102,1.4370955827029062,0.9876451164043811,1.252691530321364,1.2847123424247626,1.4402513629033098,0.9887216596704653,1.2530187376105129
37,Pspline-SGD,0.2,4000,5,1.12381029129028,1.2814050123271505,1.435319906923234,0.9873092922490277,1.2523334223113207,1.284095399806119,1.4394983731748174,0.9884791345247472,1.2529180438092156
37,Pspline-SGD,0.2,4100,5,1.00712180137634,1.2819965902895123,1.432936765815141,0.986582839894312,1.2515139971272746,1.2837012638263865,1.438633502160294,0.9882082118043045,1.2527351238461386
37,Pspline-SGD,0.2,4200,5,1.01033020019531,1.2809861763695247,1.4277044130779855,0.9840114593688442,1.2495885775295572,1.2836844467580866,1.4372333032762992,0.9877817759212012,1.2522126780237992
37,Pspline-SGD,0.2,4300,5,1.00580239295959,1.2763518410204424,1.4189360000144542,0.983442206419328,1.2452360545649828,1.2829783044614265,1.435400321559868,0.9872488016151117,1.2515471288944753
37,Pspline-SGD,0.2,4400,5,1.01020240783691,1.2673763525102881,1.4040563377669129,0.9814046683891786,1.2383017274052683,1.2821737645498175,1.4328225875786667,0.9866684541848109,1.2503313178656803
37,Pspline-SGD,0.2,4500,5,1.00977468490601,1.316285381681921,1.390687627931028,0.9766713148219829,1.2235742866540773,1.2833910707100322,1.4290494841225283,0.9858055469134817,1.2482972940712638
37,Pspline-SGD,0.2,4600,5,1.00832605361938,1.3185292790424763,1.32394327696702,0.9698203108058729,1.1690879269471768,1.2860625293161774,1.4223305172428427,0.9844759221787763,1.2438697181970257
37,Pspline-SGD,0.2,4700,5,1.01450967788696,1.3204493684746217,1.2817649236648616,0.9540656680293796,1.147123668060972,1.2891774687596929,1.4105042180382594,0.9815772710641061,1.2364432437879398
37,Pspline-SGD,0.2,4800,5,1.0126531124115,1.2187489439327843,1.1523260631443246,0.8720100929457181,1.1317982025434592,1.2839068350315157,1.3886708565665882,0.9732621493190434,1.2265627960826793
37,Pspline-SGD,0.2,4900,5,1.01217246055603,1.2080962309914143,1.1471687027677404,0.7819082734608718,1.1325457360171551,1.2783044301263935,1.3671433094995578,0.9615535017084501,1.2174937224735425
37,Pspline-SGD,0.2,5000,5,1.01459312438965,1.1905659103090445,1.1518518071997284,0.6972577345973462,1.1370889583669244,1.2728423907944635,1.3511385753181204,0.948056522667585,1.2096727744529048
37,Pspline-SGD,0.2,5100,5,0.170787811279297,1.1891654819424888,1.1639195263037452,0.5901977879791616,1.1020879387150795,1.267474238431227,1.3360297593823471,0.9316647368862225,1.2015606560329846
37,Pspline-SGD,0.2,5200,5,0.168363332748413,1.1957193120887912,1.170699149414214,0.49862967470918357,1.0230992907712089,1.2630389509465327,1.3243435480842696,0.9137070195489573,1.1904199133583913
37,Pspline-SGD,0.2,5300,5,0.172275304794312,1.2011603306763723,1.1847736687372097,0.3442441266681256,0.939264930705792,1.2592350209301832,1.31407217245431,0.8897420173814983,1.1763255701012552
37,Pspline-SGD,0.2,5400,5,0.168417930603027,1.1990311437330956,1.1920171579068644,0.32944915147416726,0.879298643958894,1.2560043101696456,1.3058451403170175,0.8638298223863234,1.1596456132240867
37,Pspline-SGD,0.2,5500,5,0.168459892272949,1.2105258602681652,1.2069540489851027,0.3239705744755337,0.7273164493817367,1.2529627783937627,1.2989298225882882,0.8374726731977093,1.1409304187661946
37,Pspline-SGD,0.2,5600,5,0.167721271514893,1.184825607382969,1.184594851670673,0.35495080686585656,0.6008896525202384,1.2498737238377153,1.293176339541611,0.811234015808584,1.1203641694081143
37,Pspline-SGD,0.2,5700,5,0.168038129806519,1.185814333819086,1.1841770608941444,0.347896576147509,0.5619716026180066,1.2465032256218616,1.2869562140531496,0.7869572585373997,1.0980435437619072
37,Pspline-SGD,0.2,5800,5,0.167248487472534,1.179647777772639,1.1784059889934566,0.33021228356465804,0.4904469739586713,1.2432357168857635,1.2800063820671854,0.7629285300276515,1.0751862449181417
37,Pspline-SGD,0.2,5900,5,0.167773008346558,1.1798334667976538,1.1812115146295012,0.3090417731253053,0.49537110318292826,1.2407555908250127,1.2745325937704228,0.7402285372331497,1.0525910720070393
37,Pspline-SGD,0.2,6000,5,0.169899702072144,1.196538208044285,1.2006864548678684,0.30843435496158583,0.493912005806359,1.2384610763182942,1.270030554992213,0.7195121870010749,1.0304403981907662
37,Pspline-SGD,0.2,6100,5,0.170184373855591,1.1859631476923467,1.1864355999205345,0.3070202534477073,0.4766475357100156,1.235963202554793,1.2657072477338005,0.6994439095713593,1.0096243800731222
37,Pspline-SGD,0.2,6200,5,0.167912006378174,1.1997196573005848,1.2030605609482354,0.3210405647136737,0.4453684881925303,1.2338694157065797,1.2609618219999659,0.6810251101275097,0.9891294028788918
37,Pspline-SGD,0.2,6300,5,0.167570352554321,1.1621995922362376,1.16792792098278,0.3287742007930913,0.4507056887753882,1.231719213655368,1.2562182672615718,0.663398417796274,0.9686135076903727
37,Pspline-SGD,0.2,6400,5,0.170019626617432,1.1473235629272633,1.1599765911947746,0.30364739781759814,0.42430057017431383,1.2291960729838083,1.2516702231517376,0.6466839805291891,0.9489263717196883
37,Pspline-SGD,0.2,6500,5,0.169745683670044,1.1380447373425473,1.1433376450192503,0.2957321144865324,0.4121969153709046,1.2261255505527502,1.247123486560128,0.6300097104665461,0.9302907156669644
37,Pspline-SGD,0.2,6600,5,0.167112350463867,1.1392584831471009,1.1465927517849723,0.30967959027774244,0.4025548266288384,1.2230629280545209,1.2429286111892792,0.6147623321355947,0.9129004736282526
37,Pspline-SGD,0.2,6700,5,0.170459508895874,1.1177840832372001,1.1263568093459353,0.3033969993629713,0.4097207056344473,1.2201639661489134,1.2387957854663232,0.5995156129401877,0.8964025337076672
37,Pspline-SGD,0.2,6800,5,0.168361902236938,1.127207452928737,1.1259634803472818,0.2686718920882522,0.4157323557879178,1.2172107462795128,1.233980384778346,0.5861342471426835,0.8807178506175646
37,Pspline-SGD,0.2,6900,5,0.170229434967041,1.131935975917101,1.1318122452705175,0.31085092495720984,0.4319969267381513,1.2145249824540592,1.2301625961874754,0.5741218034599799,0.8654049543210284
37,Pspline-SGD,0.2,7000,5,0.167670726776123,1.141350185610412,1.1466100162027055,0.2974553078001592,0.46237086240246544,1.2121041513797177,1.2267157028607798,0.5630631572160856,0.8508311968462964
37,Pspline-SGD,0.2,7100,5,0.171812295913696,1.142792353830778,1.14913068738534,0.30424860674463944,0.43733046890056376,1.210164262418911,1.223740017103579,0.552086498787466,0.8358941168056717
37,Pspline-SGD,0.2,7200,5,0.16889500617981,1.1346466677005427,1.1461508082498373,0.34335107495435346,0.4451414104081534,1.2079784322725737,1.2210245214489692,0.5414533738541089,0.8218788597815454
37,Pspline-SGD,0.2,7300,5,0.170015335083008,1.1403834614336177,1.1539074757559566,0.3102134673981675,0.40284233704788125,1.2058561389048141,1.218388688182653,0.5313902825308757,0.807540661907306
37,Pspline-SGD,0.2,7400,5,0.167972087860107,1.1131539459342572,1.1266563869766233,0.29069315364175924,0.39038045648940245,1.2035277395583655,1.2154286548063538,0.522131573801823,0.7931993865212603
37,Pspline-SGD,0.2,7500,5,0.171831846237183,1.1018451410957133,1.113376412985982,0.28876990883665327,0.33550488027522385,1.2010190213016037,1.212534303574323,0.513150106086586,0.7796105594105671
37,Pspline-SGD,0.2,7600,5,0.166825532913208,1.0951828014521874,1.102255194633282,0.3008382991120423,0.3807591313312042,1.1983164728071138,1.2091807402008696,0.50438621180521,0.7665826485345474
37,Pspline-SGD,0.2,7700,5,0.170134782791138,1.0898535238807794,1.0941403397044016,0.29138802285588344,0.3567874105025077,1.1957578556811583,1.2059281005051337,0.4957194233796488,0.7543194480147491
37,Pspline-SGD,0.2,7800,5,0.166804075241089,1.0460856383140786,1.0580932880552933,0.3109947738091226,0.33234439880060507,1.1928550289817548,1.2024425006815584,0.4868392784113942,0.7423547030876881
37,Pspline-SGD,0.2,7900,5,0.16661810874939,1.0614178501142402,1.0667141327767244,0.3492606885641162,0.3056601072110751,1.1898616090216538,1.199456852884759,0.47839865663695796,0.7306958754551822
37,Pspline-SGD,0.2,8000,5,0.169883728027344,1.0763204850284387,1.0881273888177718,0.31672465550328727,0.3034212039569461,1.187295032440615,1.1966655074658257,0.47049271806108484,0.7189254236759006
37,Pspline-SGD,0.2,8100,5,0.170886516571045,1.066843699294461,1.0773099952113014,0.35479906697115726,0.28306987851964566,1.184708676295014,1.1938143813362436,0.46301406321705496,0.7079116595657206
37,Pspline-SGD,0.2,8200,5,0.167064189910889,1.0559387423177569,1.0627851550196061,0.3126622865757047,0.30297272701152445,1.1819018055431068,1.1906918386036294,0.4550972014816812,0.6970666626152652
37,Pspline-SGD,0.2,8300,5,0.167166233062744,1.0068062489916152,1.0270728446009851,0.3366015772151801,0.2827568560348539,1.178799075042496,1.1875525238370315,0.4485824752822192,0.6865020393360595
37,Pspline-SGD,0.2,8400,5,0.169355154037476,1.00712053153385,1.018615022006133,0.3386236273815777,0.2837159421458109,1.1754347223138057,1.1839164833021016,0.44250572098456464,0.6763973247138002
37,Pspline-SGD,0.2,8500,5,0.167909860610962,0.9819340232900025,1.006497851389785,0.36295390222184226,0.31748648698691834,1.1721395052463333,1.1800902341582948,0.4360767692976307,0.6666836867408362
37,Pspline-SGD,0.2,8600,5,0.168689489364624,0.9807702012919541,0.9975901181857101,0.3537585628719166,0.3692590019085586,1.168532851005895,1.1761939285912808,0.43049964503906785,0.6579640617621556
37,Pspline-SGD,0.2,8700,5,0.170678377151489,0.9293003251312406,0.9519480252743642,0.36023012742326505,0.316899615064577,1.164650065419524,1.1722285024237804,0.4248588026647455,0.6492828823282362
37,Pspline-SGD,0.2,8800,5,0.167670249938965,0.8829590145023744,0.9062158894378823,0.36396797620002275,0.31464889629810244,1.1598897974472864,1.1673047948372028,0.42002400577259436,0.6409267450626368
37,Pspline-SGD,0.2,8900,5,0.168787240982056,0.8821247452402334,0.9157534349883166,0.3668620762315418,0.2815191040124808,1.155162236449197,1.162591529072934,0.4148669658338815,0.6323161020989588
37,Pspline-SGD,0.2,9000,5,0.166664123535156,0.856739549645723,0.891465845480497,0.37213453910529576,0.29227138801673824,1.150186590557868,1.1576042549647811,0.4104221890845047,0.6230182933446349
37,Pspline-SGD,0.2,9100,5,0.1665358543396,0.867231786036674,0.8927238334294927,0.38044890060787423,0.30520832870325526,1.1453451753499666,1.1527975286525323,0.4057438629073366,0.6151572141177349
37,Pspline-SGD,0.2,9200,5,0.169164657592773,0.8770072941451256,0.9055332501973766,0.4242517042905852,0.29011608445701237,1.1407989303858688,1.1482808800057007,0.4023789682778559,0.6066449025195281
37,Pspline-SGD,0.2,9300,5,0.167469501495361,0.8661853146337793,0.8917926763351205,0.41842478738333505,0.3082703912379027,1.136498695644974,1.143899792389652,0.39881505248196997,0.5990747282460253
37,Pspline-SGD,0.2,9400,5,0.169654846191406,0.8718175891132688,0.8921716503844207,0.4217555239969028,0.34630640270068785,1.1320389002918523,1.1393711685180494,0.3954448764543367,0.5925672812585837
37,Pspline-SGD,0.2,9500,5,0.167061567306519,0.8906234178774776,0.9248741845283384,0.4132054209903167,0.37894176927812345,1.1279921503779935,1.1348815204640974,0.39244459245081936,0.5863265568222203
37,Pspline-SGD,0.2,9600,5,0.17085337638855,0.8730191583419393,0.8974517254332637,0.4278681952398823,0.4055997506970237,1.1240077165137758,1.1307825087102097,0.38993553336727926,0.5805656467178805
37,Pspline-SGD,0.2,9700,5,0.167141199111938,0.8638177781756006,0.8946527366516106,0.3771879074550637,0.3997569911490975,1.1199992408090391,1.1264986482975388,0.38710243689706936,0.5751299393299365
37,Pspline-SGD,0.2,9800,5,0.167720794677734,0.8629966594229591,0.8936000980152274,0.40647600410155876,0.3433918431897872,1.115957530460108,1.1223489082265394,0.38450242687583297,0.5693181740479328
37,Pspline-SGD,0.2,9900,5,0.170845031738281,0.8676418225327397,0.8868766569938504,0.4029140973518457,0.31529118768486897,1.112123717086471,1.118400153999364,0.38166110456577307,0.5631242383833941
37,Pspline-SGD,0.2,10000,5,0.167318105697632,0.8360091225283104,0.8702808726211858,0.41928762019602633,0.2934063222027298,1.108123707086017,1.1144692154172404,0.37892300823091896,0.5567041261794754
37,Pspline-SGD,0.2,10100,5,0.169763326644897,0.8204633589458514,0.8452019537621117,0.44680524002625466,0.44820539371272927,1.1040666247573332,1.1102955527733092,0.3766585660524537,0.5521272829874825
37,Pspline-SGD,0.2,10200,5,0.16933274269104,0.8166824817886288,0.8442198056887246,0.4257994314483443,0.5143911411742976,1.0999369920642361,1.1059976257866162,0.3749494898698155,0.5483839239946295
37,Pspline-SGD,0.2,10300,5,0.166950941085815,0.8097277036574182,0.845935519504361,0.43554420245350595,0.445537591061137,1.095928616958394,1.1019776579294167,0.37268159353361824,0.5444598517749598
37,Pspline-SGD,0.2,10400,5,0.169598579406738,0.7894123093957857,0.8370615297938454,0.44594039719350165,0.4350700456924797,1.091836774596783,1.0979865777948525,0.37006720486898553,0.5401869099545105
37,Pspline-SGD,0.2,10500,5,0.166110992431641,0.7848407961232549,0.8327827617445326,0.4391651511942491,0.43341042099691157,1.0877281219287889,1.093961503083604,0.36775492001807397,0.5361249832562617
37,Pspline-SGD,0.2,10600,5,0.167528867721558,0.7883723886441375,0.8459736588734026,0.4507933183681695,0.40965640124187,1.0837084381194881,1.0901682914194815,0.3662166238216084,0.5321680541564384
37,Pspline-SGD,0.2,10700,5,0.167428970336914,0.7880579193310312,0.8432246761695612,0.4296650981239562,0.43038892406891244,1.079743069483933,1.0862680061371577,0.3652122957087114,0.5282263773401905
37,Pspline-SGD,0.2,10800,5,0.166891574859619,0.7825890427249313,0.8308431476511723,0.42889849104900807,0.4211302207592523,1.0759129842988566,1.0824480777542318,0.3637935455509767,0.5244122228659276
37,Pspline-SGD,0.2,10900,5,0.169903039932251,0.7678740060986614,0.80894983304531,0.4086014356687097,0.3637180597225372,1.072125332513405,1.0787587992556993,0.3619425299296058,0.5205821364343548
37,Pspline-SGD,0.2,11000,5,0.170231342315674,0.7970627680949814,0.8375175530847037,0.4200902906931698,0.34033145543569493,1.0685182347126052,1.0752165630910135,0.3606701281303656,0.5164409392153353
37,Pspline-SGD,0.2,11100,5,0.17018461227417,0.7842509939117724,0.8245650059869372,0.4300384138039924,0.35930444860953203,1.06475192913458,1.0715335992220463,0.35902084707746756,0.5124304968972674
37,Pspline-SGD,0.2,11200,5,0.169933319091797,0.783729208549891,0.8158187232025846,0.43591780938205166,0.3284379526710122,1.0611284350280594,1.0678934618159943,0.3576029242908569,0.5088267913850731
37,Pspline-SGD,0.2,11300,5,0.169355154037476,0.7347597076800748,0.7837974654560591,0.46050180372940586,0.3257618600023155,1.0574378089091188,1.064157405688401,0.35646436162643663,0.5049836707486268
37,Pspline-SGD,0.2,11400,5,0.169691562652588,0.7225617667582388,0.7871362607906369,0.4576490113871499,0.2898860039747486,1.0534675812750423,1.0602458683061595,0.355595831131459,0.5011982596580714
37,Pspline-SGD,0.2,11500,5,0.166885614395142,0.7111312850225918,0.7673427343242318,0.4681827249003224,0.3086925527105052,1.049418649260736,1.0562554456813076,0.3542693811688866,0.4974568595839492
37,Pspline-SGD,0.2,11600,5,0.1676025390625,0.7161556728430168,0.7603438536071303,0.494187937968636,0.3047815885778188,1.0454515210286963,1.0523770816620275,0.3532764022750593,0.49426893049215825
37,Pspline-SGD,0.2,11700,5,0.167114973068237,0.6953054267524541,0.7192123354964856,0.4857492664413812,0.33080944210648733,1.0414624660266951,1.0483872730003347,0.35181398665572705,0.4912497445514635
37,Pspline-SGD,0.2,11800,5,0.167256116867065,0.6814353020543369,0.707589615906026,0.4608938325127243,0.3539574298726163,1.0374456390753826,1.044242074677193,0.3509453940835816,0.48852077411341643
37,Pspline-SGD,0.2,11900,5,0.169728517532349,0.7181746063391719,0.7205610676161599,0.4960752092105617,0.43973478182781656,1.0335551211561138,1.0403416920615771,0.35064634495675656,0.486358277327165
37,Pspline-SGD,0.2,12000,5,0.170340776443481,0.7155897263803853,0.7354942491505297,0.4744874304779262,0.5032166536118644,1.029904651003049,1.0365606680438613,0.3502436869966605,0.4845502674897794
37,Pspline-SGD,0.2,12100,5,0.16944146156311,0.7177689281121328,0.7390556881893223,0.4910937041083531,0.49659563947547075,1.026423344867143,1.0329905136467732,0.34941725206581475,0.48247232795409273
37,Pspline-SGD,0.2,12200,5,0.170353174209595,0.7078534098854492,0.7280332271309865,0.5124944125529376,0.489372378582325,1.0228145455279711,1.0294164101431678,0.348712607954906,0.4807192458218522
37,Pspline-SGD,0.2,12300,5,0.16801643371582,0.7110618358001103,0.7338749380033166,0.4964850144697394,0.47568035989138285,1.0192792787761913,1.0259160649856036,0.34824145880597135,0.47865790011699894
37,Pspline-SGD,0.2,12400,5,0.166888952255249,0.6873085087747117,0.7254712605018109,0.4976633635465964,0.4333638368879581,1.015607758080004,1.0223018803667396,0.34794197149151485,0.4763897603534416
37,Pspline-SGD,0.2,12500,5,0.166023731231689,0.6687534474935821,0.7025726270543614,0.4870007245818146,0.37424129989810573,1.011839453929549,1.0185660531319751,0.3476394816020598,0.4740650522754686
37,Pspline-SGD,0.2,12600,5,0.166479110717773,0.6559839846984994,0.682513817821626,0.49462333343041853,0.4475744059087809,1.0080626087353795,1.0147588638473581,0.3473055477303767,0.47193918066144297
37,Pspline-SGD,0.2,12700,5,0.170099020004272,0.6584759825478534,0.6822183324482198,0.48803518246827954,0.45690191415153214,1.004342867567303,1.011007299176827,0.3469839474413962,0.47029137900741386
37,Pspline-SGD,0.2,12800,5,0.1732337474823,0.6244536425491282,0.6710162788933038,0.5191270169773445,0.4273585827078942,1.0006041108390922,1.0072475288633318,0.34629274868807625,0.46858398265050677
37,Pspline-SGD,0.2,12900,5,0.169898986816406,0.6311519431392006,0.6583879120561844,0.5669326910903398,0.39211403209107626,0.9967914824889332,1.0034915291351927,0.345679150750136,0.46678757468584725
37,Pspline-SGD,0.2,13000,5,0.167588472366333,0.6256130319613473,0.6688967363980872,0.5197582221988489,0.3911481741652611,0.9930301805956893,0.9997529432638852,0.345258135051466,0.46444709692493524
37,Pspline-SGD,0.2,13100,5,0.166618347167969,0.6050068134357773,0.6454303684145632,0.5501714635675437,0.36991788390544206,0.9891596788553222,0.9959335830273636,0.34530347935172623,0.46224050971065156
37,Pspline-SGD,0.2,13200,5,0.17165732383728,0.5978247010406971,0.6197141708650382,0.5114415113793269,0.3732861663554636,0.9852157713853206,0.9919627652133141,0.34503695814180085,0.45990848891012037
37,Pspline-SGD,0.2,13300,5,0.168015003204346,0.5540265619234982,0.62444960480399,0.5365681970410469,0.37248946990364423,0.9811119531075626,0.9879172679101325,0.34531463958002073,0.45766629363278705
37,Pspline-SGD,0.2,13400,5,0.169808626174927,0.5479418156544955,0.5784060254208493,0.5249881987566684,0.3412870690291866,0.9768982315843181,0.9837066534868096,0.3457307784338134,0.4554862932181833
37,Pspline-SGD,0.2,13500,5,0.167737722396851,0.5508876276573206,0.6195353121418314,0.5623601920570428,0.3811059543142174,0.9726012495220697,0.9793389277341717,0.3459489866478537,0.4534201454989372
37,Pspline-SGD,0.2,13600,5,0.287980079650879,0.5329953420453291,0.6016770007705979,0.545317073721049,0.44129751926446903,0.9683926160883504,0.9751621045302608,0.34652452091387426,0.4515135855602663
37,Pspline-SGD,0.2,13700,5,0.169495582580566,0.4877438753529208,0.5659855769502294,0.5464502870752537,0.39218711922107885,0.9640331470748834,0.9708953013391736,0.3469601391250638,0.4496535092752095
37,Pspline-SGD,0.2,13800,5,0.169541120529175,0.4379434035074375,0.5298005165544499,0.5466915712365537,0.40573700875655344,0.9592628490650562,0.9662075753443538,0.34771205823233337,0.4480810841947696
37,Pspline-SGD,0.2,13900,5,0.16948413848877,0.4448288268974868,0.5534378623382897,0.558800486921148,0.36050448358752296,0.9544769189021791,0.9615038404197948,0.3481340737881776,0.44630477002454916
37,Pspline-SGD,0.2,14000,5,0.173727750778198,0.42915278100130205,0.531279482255214,0.5547500007321658,0.37749743183627993,0.949659309865307,0.9568207241839323,0.3488841071393942,0.44416837978627055
37,Pspline-SGD,0.2,14100,5,0.16767430305481,0.4656467571160297,0.5342952081946679,0.565097799543776,0.3667094119790717,0.9449575681094982,0.9522172028090623,0.349336320180582,0.4426322420352679
37,Pspline-SGD,0.2,14200,5,0.170048475265503,0.46531925200649205,0.5459475728584801,0.5869680448080169,0.3829669821913732,0.940391479000789,0.9477256162745642,0.35020350048404086,0.4406709208521854
37,Pspline-SGD,0.2,14300,5,0.169620275497437,0.4746969850977136,0.5567500540033532,0.6062216011652822,0.4301600595316321,0.9359758664624411,0.9433687613725601,0.3510905067490411,0.4392353717170028
37,Pspline-SGD,0.2,14400,5,0.170430660247803,0.4678649681259163,0.5665190338837703,0.5994571524655141,0.4866795870623865,0.9315686714812254,0.939065331989182,0.35233011371484263,0.43838710473839
37,Pspline-SGD,0.2,14500,5,0.169788122177124,0.4555189804976007,0.5480861723445096,0.5970018969142732,0.514424911396058,0.9272243139822225,0.9347253504932184,0.35336596374395546,0.4376757765042064
37,Pspline-SGD,0.2,14600,5,0.166697263717651,0.4504399419845091,0.5517667630471229,0.6031771954000036,0.6026839542911835,0.9228684388729559,0.9304310799343838,0.3545449883327749,0.4372286531040933
37,Pspline-SGD,0.2,14700,5,0.171241044998169,0.4289980748168307,0.5320393618868385,0.5458620055322149,0.6232624356619584,0.9185753651665464,0.9261385341232252,0.35548313288868255,0.4372316764989051
37,Pspline-SGD,0.2,14800,5,0.16732120513916,0.4627195904985555,0.5411594333448654,0.5681125288414504,0.5284167699284623,0.9143539916928951,0.921972107974772,0.3565577053226627,0.4369107871778472
37,Pspline-SGD,0.2,14900,5,0.165785074234009,0.4520525659337225,0.5386053371451788,0.565069984660784,0.46505032267954166,0.91029055596374,0.917929624412428,0.3574060282939256,0.4358666150056635
37,Pspline-SGD,0.2,15000,5,0.169029712677002,0.44638285308267356,0.529084283104697,0.5651955518089139,0.41876956942894356,0.9060757440744032,0.9138392592766512,0.35825489624689477,0.43447621405497544
37,Pspline-SGD,0.2,15100,5,0.166988372802734,0.4511636931934262,0.5272776029006001,0.5894555773714982,0.5298764668031826,0.902024425355375,0.9097713130536456,0.3593887203293142,0.4337828765877837
37,Pspline-SGD,0.2,15200,5,0.169405460357666,0.4190409031851057,0.5180620923709313,0.5578656162274902,0.5678677230987652,0.8979354333024315,0.9057272086718394,0.3605280221894721,0.43350228773215044
37,Pspline-SGD,0.2,15300,5,0.166985750198364,0.4292205169803276,0.5227628760756386,0.5687319895589857,0.5111226623808004,0.8938280106311678,0.901700725947433,0.3613873759965452,0.4331237342643606
37,Pspline-SGD,0.2,15400,5,0.169914722442627,0.4388415637595895,0.5384219401123316,0.5778946304095797,0.5096579801069037,0.8898357337101721,0.8978106558601007,0.36208204270954364,0.4324932553050012
37,Pspline-SGD,0.2,15500,5,0.170024633407593,0.4412195068011481,0.5340582706808019,0.5695875387373487,0.5088102329217835,0.8859627417645908,0.8940180594145524,0.36288309915473826,0.43192454533303126
37,Pspline-SGD,0.2,15600,5,0.166970491409302,0.4300282511107047,0.5506886948344368,0.5787211762442245,0.5073431503395374,0.882157764041389,0.890330684166234,0.3639263789988566,0.4314470271374101
37,Pspline-SGD,0.2,15700,5,0.166937351226807,0.4176173239466377,0.5337901078559093,0.5596530426159717,0.5307233907938473,0.8783143956491571,0.8865622646046404,0.365158280061478,0.4310749192483241
37,Pspline-SGD,0.2,15800,5,0.167446374893188,0.42053856974002746,0.5198342083091811,0.5576659107024914,0.5277852964984225,0.8745219553175007,0.8828319285831658,0.36619726878401754,0.4307026406897499
37,Pspline-SGD,0.2,15900,5,0.166606664657593,0.40906904695919527,0.4894860836190604,0.5318618994024753,0.459460350621282,0.8707583343468549,0.8791354400165305,0.3669998639178996,0.4301268013300504
37,Pspline-SGD,0.2,16000,5,0.168865442276001,0.4230084214045967,0.5119203652367156,0.5497777332781307,0.4264180020440127,0.8670463149003739,0.8754509091085624,0.36794597614995295,0.42924409216005394
37,Pspline-SGD,0.2,16100,5,0.166839122772217,0.4309852425693743,0.4978296424106633,0.5511809662683712,0.43725404855559824,0.8632460917734571,0.8716917698622995,0.36871317942030124,0.4283081916308656
37,Pspline-SGD,0.2,16200,5,0.169538259506226,0.4425800092841849,0.5144267425694355,0.564986434803951,0.43079123367825717,0.8596255461345514,0.8680824037009864,0.3695442541120153,0.4277016227088482
37,Pspline-SGD,0.2,16300,5,0.169650554656982,0.42310072686091615,0.5268833521663987,0.589057237322568,0.45791469976922927,0.8561185701890093,0.8645512123150779,0.37048630443854885,0.42711094166839936
37,Pspline-SGD,0.2,16400,5,0.167684555053711,0.4002307396097016,0.505391929740054,0.561072130572777,0.4180690184438037,0.8524584417179933,0.8609797512573827,0.37157313197501063,0.42651872213539854
37,Pspline-SGD,0.2,16500,5,0.166791915893555,0.40812689745460784,0.4938544546728984,0.5726026699568102,0.42726037522104393,0.8487147473138167,0.8572508345031514,0.3724491950802025,0.4258223515910061
37,Pspline-SGD,0.2,16600,5,0.170158863067627,0.4206870593781137,0.4870648505959748,0.582391017189829,0.47697240160775617,0.8450687363510471,0.8536149016867964,0.37334355854346923,0.4257089292154816
37,Pspline-SGD,0.2,16700,5,0.169795751571655,0.4102638045515635,0.4441276001255591,0.5730330819971654,0.4237126404500667,0.8414738585159979,0.849893489615661,0.37393788401194183,0.4251131186694372
37,Pspline-SGD,0.2,16800,5,0.166516542434692,0.39083090783002017,0.44550533505307455,0.5372656438787784,0.44808383755555525,0.8378070823493278,0.8460824694953452,0.37469256973231874,0.42467686317096703
37,Pspline-SGD,0.2,16900,5,0.168442964553833,0.4256673197220749,0.41560629269541144,0.5560526834721548,0.5341842210091984,0.8341628017259387,0.8423648073923067,0.3756110935599623,0.42473792205826116
37,Pspline-SGD,0.2,17000,5,0.169538736343384,0.4136784534956446,0.4493915254386373,0.5434801123138698,0.6010706616153026,0.8305946394337077,0.8386597786504273,0.37634869336459886,0.4251062627422473
37,Pspline-SGD,0.2,17100,5,0.167150735855103,0.431347843495758,0.4578292454908903,0.5645728094415386,0.619758090423004,0.8272058922315514,0.835147212210003,0.3771660897227123,0.42534422098328223
37,Pspline-SGD,0.2,17200,5,0.16917896270752,0.4325917277617058,0.4346867618001416,0.5843279549578972,0.6091553957615202,0.8237503112950001,0.8315500178496289,0.37795906009859176,0.42578813311652497
37,Pspline-SGD,0.2,17300,5,0.168698787689209,0.44569467033554894,0.4440654678251475,0.56807253139425,0.5845668933752051,0.8204308350970025,0.8280836269899357,0.3788243084524138,0.4260410663000549
37,Pspline-SGD,0.2,17400,5,0.167617321014404,0.43981364600050593,0.4789177981312526,0.5661133482424862,0.5492277660660644,0.8170699303179636,0.8246160377387163,0.37969343467509803,0.42607472604255636
37,Pspline-SGD,0.2,17500,5,0.169293165206909,0.42919401605747176,0.4581591962417522,0.5726940984495082,0.502019972967001,0.8137793841057246,0.821240733549798,0.38070585185650063,0.4260298536299842
37,Pspline-SGD,0.2,17600,5,0.169739007949829,0.4228598874727806,0.44710229017181546,0.5704160507277523,0.6178833235638138,0.8104806325198867,0.8177774088862741,0.3815639731675313,0.4261772745200849
37,Pspline-SGD,0.2,17700,5,0.166629076004028,0.43191677032350695,0.43677296384320397,0.5625046441137098,0.5969046116473822,0.8072383980139586,0.8143789542482451,0.38235324549406025,0.4266718985810966
37,Pspline-SGD,0.2,17800,5,0.1665940284729,0.42839735301973797,0.4565036940620037,0.5664094482390758,0.5592654655209385,0.8040183576796491,0.8110376716848512,0.38311084650331656,0.4268851515274013
37,Pspline-SGD,0.2,17900,5,0.169488906860352,0.44118698304148024,0.44232717783563635,0.6412255649962295,0.5758880894465435,0.800828671445787,0.8077074194135243,0.3837182321286404,0.42713039348411985
37,Pspline-SGD,0.2,18000,5,0.16950798034668,0.4351929399541405,0.4459393221110476,0.5769851698797174,0.5973673855163472,0.7977038625104559,0.804431955665297,0.3843079830218815,0.42709487706911736
37,Pspline-SGD,0.2,18100,5,0.166316986083984,0.4268024896414709,0.4421395824713093,0.5893772075056166,0.5419696330960941,0.7945828951249801,0.8011753217432944,0.385127679265565,0.42733984473336606
37,Pspline-SGD,0.2,18200,5,0.16704249382019,0.4304708548080478,0.41067965513034455,0.5488713976410522,0.5675132171388212,0.7914838375865817,0.7979019742787372,0.3857814093831841,0.4273131071138624
37,Pspline-SGD,0.2,18300,5,0.16985034942627,0.42939494975707815,0.46053538586819753,0.5734540916218812,0.558610388398804,0.7883233987220474,0.7946236088973408,0.3866592196384814,0.42738747899220453
37,Pspline-SGD,0.2,18400,5,0.170258283615112,0.42884910491148043,0.41049894998290914,0.5645914425797974,0.5478459091380781,0.7852049648125331,0.7913237284498358,0.3876079417642436,0.4275162821488703
37,Pspline-SGD,0.2,18500,5,0.167105436325073,0.454357280725572,0.4654352261836256,0.6113649193603843,0.6133057625062789,0.7820638124814943,0.7879566164267278,0.388465536864692,0.4278980934901363
37,Pspline-SGD,0.2,18600,5,0.170539379119873,0.4412364164787611,0.4748666057416797,0.6153137062196524,0.6680785398942078,0.7790841247830013,0.7848273383127715,0.3896437509235604,0.42841672864106123
37,Pspline-SGD,0.2,18700,5,0.167538642883301,0.43518008862900387,0.4845025250167961,0.6128417678646637,0.5714078509832345,0.7761012264692688,0.781723361772763,0.39066685650738936,0.4287009339679529
37,Pspline-SGD,0.2,18800,5,0.16964054107666,0.42173274540331035,0.4585747035756067,0.6018510416977138,0.6512244595962972,0.7728398465055974,0.7783420209367005,0.3917835366143621,0.42923001225379576
37,Pspline-SGD,0.2,18900,5,0.167751789093018,0.4581615672007822,0.46562469944426377,0.630578025632696,0.5818078131652078,0.7696395115531004,0.7749722602507594,0.39268832452938907,0.42970938447805057
37,Pspline-SGD,0.2,19000,5,0.169028282165527,0.43408979472061887,0.4478556814476284,0.6000490749160906,0.5839672580256694,0.7665397113325559,0.7717203789493984,0.3937657378346597,0.42982016430005354
37,Pspline-SGD,0.2,19100,5,0.167724847793579,0.4602543169217662,0.4406422300309632,0.598511765846275,0.5487390022880976,0.7635318733644475,0.768523854263965,0.3946452041683006,0.4301590738973958
37,Pspline-SGD,0.2,19200,5,0.166958332061768,0.4631745945188769,0.43874031472020053,0.6238295619368225,0.5545815202354902,0.7605887212745187,0.7653637956434617,0.3957094258515818,0.43015824551725323
37,Pspline-SGD,0.2,19300,5,0.169121503829956,0.4729302853503793,0.4637403998797223,0.6280510589378336,0.5866622885841606,0.757741768659115,0.762313941840735,0.3968118721090341,0.43051017552196263
37,Pspline-SGD,0.2,19400,5,0.169145345687866,0.4577437849843446,0.4767540716120584,0.6276802833642702,0.6829404477841944,0.7549309827483068,0.7593544985039355,0.398088132365227,0.4312538499083313
37,Pspline-SGD,0.2,19500,5,0.169669389724731,0.45198824243957614,0.4645382395921961,0.6245978595700308,0.7013554635545146,0.7521530919525057,0.7563563278455203,0.39923526765988904,0.4321383281786
37,Pspline-SGD,0.2,19600,5,0.169305086135864,0.4274257237597073,0.46451597970389374,0.620425457579686,0.7713851420387516,0.7493391093812601,0.7533618601407299,0.40040368565702866,0.4332619487324693
37,Pspline-SGD,0.2,19700,5,0.166081666946411,0.4021001970174124,0.43051258969571227,0.5674249574669064,0.8176624016854955,0.7464997609985341,0.7503191465120131,0.40141000558805007,0.4345935698561578
37,Pspline-SGD,0.2,19800,5,0.169974565505981,0.4130616840423644,0.4906665147686855,0.5822896497176809,0.8674832764348291,0.7436128412150792,0.7473356838233787,0.40237969807488067,0.43626727658554165
37,Pspline-SGD,0.2,19900,5,0.167236089706421,0.39552214929805657,0.42432777128133076,0.5633607320786354,0.8003664769156242,0.7408499863346781,0.7444237204025731,0.40320903836902533,0.43778246691977074
37,Pspline-SGD,0.2,20000,5,0.166262149810791,0.39252027684375573,0.44777261105091226,0.5821845554162285,0.7652502019727241,0.7380032879973601,0.7414923581111803,0.4040631432294602,0.4390579687600382
37,Pspline-SGD,0.2,20100,5,0.172360897064209,0.43223939125875266,0.4470482393434333,0.6218336679363675,0.8162134407140327,0.7353084603739487,0.7386421232238725,0.4051446077783582,0.4405189592485336
37,Pspline-SGD,0.2,20200,5,0.166745662689209,0.4084406300074582,0.43749377046371796,0.6020465864521584,0.8124730463767381,0.7325474252399489,0.7357797125263,0.40633163957178636,0.44207553742354605
37,Pspline-SGD,0.2,20300,5,0.175812005996704,0.43189006544256464,0.45643752746415595,0.6156032874390187,0.782720205442701,0.729847046694188,0.7330005578925843,0.4073272513624735,0.4435879669301994
37,Pspline-SGD,0.2,20400,5,0.166781425476074,0.4331208486891015,0.48388292323204857,0.6233596856775888,0.8073277602079794,0.7273129441011715,0.7303749366204668,0.40833924070752947,0.44495721991808707
37,Pspline-SGD,0.2,20500,5,0.16926383972168,0.4361796923381143,0.4616354454121011,0.6199549442520073,0.7743662356027079,0.7248373453859532,0.7277441591355303,0.4094350966554479,0.44618049469605825
37,Pspline-SGD,0.2,20600,5,0.164304256439209,0.4313168904718197,0.506597578202807,0.6466590992520292,0.8015363305812192,0.7223866465031892,0.7252062331514547,0.4105361583008697,0.4475935005659633
37,Pspline-SGD,0.2,20700,5,0.285333395004272,0.41991447344551036,0.4841736950248566,0.6301416830953965,0.8695337224898753,0.7198709380051246,0.7226060500039311,0.4117895943176182,0.4492496968812382
37,Pspline-SGD,0.2,20800,5,0.166109561920166,0.42559063317836077,0.4787624257140578,0.6239788168923276,0.8011691502138246,0.7173781753677693,0.7200421705300042,0.4130159823116239,0.4507379083119656
37,Pspline-SGD,0.2,20900,5,0.17042088508606,0.418518563361605,0.4483650065257767,0.5939105177849194,0.7034994633014382,0.714883916090729,0.7174545447864992,0.4140535131774246,0.4517381921742542
37,Pspline-SGD,0.2,21000,5,0.166535615921021,0.41723308238117246,0.45224202773620503,0.6072174448343682,0.6243932903679617,0.712390395526306,0.7148533696464175,0.4150936016010491,0.4524012987898509
37,Pspline-SGD,0.2,21100,5,0.174179315567017,0.42113703349742865,0.43371899819231524,0.5960635843590041,0.673505930355429,0.70984447828368,0.7121816021375975,0.4160151659692149,0.4529738326422929
37,Pspline-SGD,0.2,21200,5,0.166758298873901,0.4260699279811382,0.43875486799887836,0.5941972699327025,0.7416455005902676,0.7073375820057243,0.7095462295644578,0.4168828744307456,0.4541610406962558
37,Pspline-SGD,0.2,21300,5,0.169923305511475,0.4273862334223029,0.5375332522489648,0.6591754710049288,0.8015882119831828,0.7049396646060266,0.7070302057679557,0.4178214887088486,0.4554733833372848
37,Pspline-SGD,0.2,21400,5,0.167019844055176,0.42144530026313237,0.4991626233486357,0.6279495316099479,0.7681076675374591,0.7023711609605734,0.7044483216761992,0.41895615901534733,0.4567751855975232
37,Pspline-SGD,0.2,21500,5,0.176193714141846,0.41680212038601677,0.5180829661053167,0.6280278479179114,0.7395227602855556,0.6997737687341324,0.7018046681221595,0.4200214981909193,0.4578652665788386
37,Pspline-SGD,0.2,21600,5,0.167193174362183,0.4328089253069829,0.5143917840353546,0.6396319761628436,0.8128040592805841,0.6971538905762774,0.699156309539236,0.4211689778529957,0.4592537950498283
37,Pspline-SGD,0.2,21700,5,0.167224884033203,0.4423013830540656,0.4888449613853081,0.64710453163337045,0.7493456939477815,0.6945959488956303,0.69645733690016,0.4222263651606887,0.4603692057251892
37,Pspline-SGD,0.2,21800,5,0.171332836151123,0.459871001093343,0.4993817175382959,0.6063577867516892,0.8211945526278027,0.6920053791640337,0.6937090792296168,0.42323584499942335,0.46167596998136246
37,Pspline-SGD,0.2,21900,5,0.172732830047607,0.487196999246895,0.44860387268472107,0.6286095071798166,0.8004689903671606,0.6894790857957301,0.691060491108229,0.42427270305080256,0.4631282186686831
37,Pspline-SGD,0.2,22000,5,0.169630527496338,0.4383563453148758,0.465809652031206,0.614827523857613,0.7788485385434621,0.68700477967076,0.6883971901235738,0.42527137632335243,0.46455993259512396
37,Pspline-SGD,0.2,22100,5,0.168672323226929,0.461149556907106,0.48438268547165936,0.6354624979993345,0.8042301110657307,0.6846342291479943,0.6858553155291724,0.4263606627607144,0.4657865417902641
37,Pspline-SGD,0.2,22200,5,0.168815851211548,0.4745796610811986,0.45862922236574827,0.6485843644487808,0.7773912490933178,0.6822009452848131,0.6831858182852169,0.42741139108574777,0.46708180105103086
37,Pspline-SGD,0.2,22300,5,0.168731451034546,0.48658186784424307,0.45678996049862663,0.6276537650693975,0.7688588448149373,0.6798756904847512,0.6806047308242485,0.42846975289392325,0.46833472728326714
37,Pspline-SGD,0.2,22400,5,0.169393539428711,0.4606910601227299,0.4852390600685054,0.6207533381055761,0.7816177364261739,0.6774672174389673,0.6779933540516604,0.42954113525073057,0.4695603973952259
37,Pspline-SGD,0.2,22500,5,0.168865919113159,0.4380451093977253,0.46952123890282293,0.6143815504044338,0.7182581527385435,0.6751746907996087,0.6755338848637366,0.4305209822570238,0.47053733892845756
37,Pspline-SGD,0.2,22600,5,0.172030687332153,0.452318894841482,0.458769867363778,0.6078372781561596,0.8086890392245171,0.6729026601885715,0.6730290225405446,0.43139728618224255,0.47167368920546204
37,Pspline-SGD,0.2,22700,5,0.16843843460083,0.47076517567184134,0.44654804188668035,0.6279167785221013,0.8021162497352836,0.6707056591611172,0.6706256550643573,0.43232471154656843,0.47314777515563594
37,Pspline-SGD,0.2,22800,5,0.170524835586548,0.4939311685281229,0.4630216637013123,0.6300830001548942,0.7665952477936682,0.6686260723998217,0.6682724824108666,0.4332302215878824,0.4743659933624062
37,Pspline-SGD,0.2,22900,5,0.171676158905029,0.5057260166514307,0.4314134789535531,0.6487346784438175,0.876196905818316,0.6666048378992908,0.6659361615936573,0.43403609313634045,0.47580309487236266
37,Pspline-SGD,0.2,23000,5,0.168358564376831,0.4692886584510826,0.4451815898460462,0.6275207400803549,0.8039768546195158,0.6644991256865448,0.6635451880163632,0.434740420223982,0.4770130081578941
37,Pspline-SGD,0.2,23100,5,0.167741060256958,0.46595808388162674,0.43898221277331956,0.6328336516152584,0.7342544715963052,0.662438100190345,0.6612213074183013,0.4355413832165111,0.47823175311024013
37,Pspline-SGD,0.2,23200,5,0.170247554779053,0.4598454581899324,0.40518535375663317,0.5899585396855702,0.8085422031778311,0.6603333169638131,0.6588832896499991,0.43624839714882213,0.47932184343225864
37,Pspline-SGD,0.2,23300,5,0.167980432510376,0.47613501917967305,0.4759254303299128,0.6140691672015325,0.8309786929964298,0.6582449387433147,0.6565575394376126,0.4370075108037987,0.4805529415009413
37,Pspline-SGD,0.2,23400,5,0.171219825744629,0.4798042743454799,0.41573306919346875,0.6189043400029518,0.8489360600352164,0.6563128832524633,0.6543311720069158,0.437884950959179,0.48194330723968043
37,Pspline-SGD,0.2,23500,5,0.172948598861694,0.5157553599541775,0.45618542476965684,0.6693158978452223,0.8914636292266377,0.6544211999694926,0.6520865069018041,0.43871270778279053,0.483492105356298
37,Pspline-SGD,0.2,23600,5,0.169094085693359,0.5134063193546462,0.481880580686763,0.6797179465318532,0.8839774377804596,0.6526876600549124,0.6500171882819653,0.43981566338164896,0.48500761660940545
37,Pspline-SGD,0.2,23700,5,0.169617652893066,0.5138078210048712,0.5018858356874453,0.6797206073448742,0.8110042699473413,0.6509692971384877,0.6479880387834468,0.440884906105363,0.48630334047100876
37,Pspline-SGD,0.2,23800,5,0.168733358383179,0.49775906109334245,0.46042713998195356,0.6582876264954906,0.9646015449253214,0.6490895926659626,0.6457635506031886,0.4419263683967709,0.4879260318588577
37,Pspline-SGD,0.2,23900,5,0.170089244842529,0.5460324885724618,0.4592957111369732,0.705744855291313,0.8449203959910678,0.6472045512725108,0.6435201569375598,0.4428631018007046,0.4895440408665486
37,Pspline-SGD,0.2,24000,5,0.17131781578064,0.53411444799953,0.4554014802379102,0.6612651870277405,0.8555723126887976,0.6453783448400331,0.6413012257816546,0.4437896829262001,0.49078891448024187
37,Pspline-SGD,0.2,24100,5,0.16932487487793,0.5398688323481635,0.45450190225427356,0.6538337795142515,0.7871857836673356,0.6435912395290482,0.6390912892454131,0.44461333684691273,0.491957613100867
37,Pspline-SGD,0.2,24200,5,0.171897411346436,0.5660775575565686,0.42360856354590004,0.6789654655532086,0.805115406300278,0.6418327493954686,0.6368491002738678,0.4455185904872086,0.4930717740613701
37,Pspline-SGD,0.2,24300,5,0.170919418334961,0.5607777483236016,0.4547723544408308,0.6832179561610847,0.8314175488511628,0.6401307059772695,0.6346769343310609,0.44648859545962694,0.4943356725711028
37,Pspline-SGD,0.2,24400,5,0.16872239112854,0.567181823232246,0.4696119178791111,0.6879551642253456,0.8972983326404234,0.6384372249836079,0.6325337143326606,0.44758815116356887,0.4957879445188675
37,Pspline-SGD,0.2,24500,5,0.171756029129028,0.556239596627496,0.46008660297748766,0.678919352201163,0.864145718288225,0.6367420883726762,0.6303356980041601,0.4485859485835838,0.4972042991151177
37,Pspline-SGD,0.2,24600,5,0.169674396514893,0.5312605796281201,0.4736760153253463,0.6848552119389636,0.9366411273023086,0.6349957732201494,0.6281654779850696,0.44964105008855487,0.49879759280096436
37,Pspline-SGD,0.2,24700,5,0.169953107833862,0.5085122956747588,0.4570407759228147,0.6375048861029491,1.0010078232836808,0.633203555891755,0.625942445859487,0.45060384759839545,0.500588565065984
37,Pspline-SGD,0.2,24800,5,0.17220664024353,0.4839281574689784,0.5469667691217597,0.6485333043367503,1.1711794819955899,0.6312702950616272,0.6237533545123047,0.4515507215664066,0.5028610233991226
37,Pspline-SGD,0.2,24900,5,0.169883012771606,0.4815178549473756,0.4478577312656917,0.628384718868349,1.158898024814176,0.629409083886972,0.6216085547432115,0.45236451731853805,0.5053669249718069
37,Pspline-SGD,0.2,25000,5,0.171068668365479,0.4831824521605413,0.49087935045113024,0.655336946951349,1.1070852842988217,0.6275533690069313,0.6194973888009458,0.4532443891038561,0.5076845928900455
37,Pspline-Adam,0.2,0,5,22.4341912269592,0.9354082187553687,1.4077500627154,1.1813524925994137,1.5862612965639082,0.9354082187553687,1.4077500627154,1.1813524925994137,1.5862612965639082
37,Pspline-Adam,0.2,100,5,0.997375249862671,0.35774092212099096,1.7367909860472912,1.1334025208019056,1.281249449220482,0.35774092212099096,1.7367909860472912,1.1334025208019056,1.281249449220482
37,Pspline-Adam,0.2,200,5,0.985391616821289,0.23053781901152887,1.6430573944536464,1.1748448409571839,1.5261800004760326,0.23053781901152887,1.6430573944536464,1.1748448409571839,1.5261800004760326
37,Pspline-Adam,0.2,300,5,0.992690086364746,0.25171069433847815,1.4835228134157945,1.0340634166287628,1.418358809682072,0.25171069433847815,1.4835228134157945,1.0340634166287628,1.418358809682072
37,Pspline-Adam,0.2,400,5,0.993878602981567,0.17209651332880405,1.4378613243215654,1.0352889204897935,1.4480890303723477,0.17209651332880405,1.4378613243215654,1.0352889204897935,1.4480890303723477
37,Pspline-Adam,0.2,500,5,1.10076904296875,0.16691785686247582,1.4242552242675504,1.0213042003993409,1.3956763189526742,0.16691785686247582,1.4242552242675504,1.0213042003993409,1.3956763189526742
37,Pspline-Adam,0.2,600,5,0.987314701080322,0.1572764995020697,1.4163304213928027,1.007847725065314,1.3989302737153217,0.1572764995020697,1.4163304213928027,1.007847725065314,1.3989302737153217
37,Pspline-Adam,0.2,700,5,0.962507247924805,0.12814319828575438,1.390345160602369,1.007336899937513,1.3496048460419847,0.12814319828575438,1.390345160602369,1.007336899937513,1.3496048460419847
37,Pspline-Adam,0.2,800,5,0.977928638458252,0.21473297673702585,1.388235419852415,1.01900265440942,1.310731540119521,0.21473297673702585,1.388235419852415,1.01900265440942,1.310731540119521
37,Pspline-Adam,0.2,900,5,0.983950138092041,0.14598112843589323,1.399273270958892,1.047778922234802,1.2790845599135872,0.14598112843589323,1.399273270958892,1.047778922234802,1.2790845599135872
37,Pspline-Adam,0.2,1000,5,0.978264570236206,0.14737865215813234,1.356469440023329,1.0295514639731105,1.2585855032872233,0.14737865215813234,1.356469440023329,1.0295514639731105,1.2585855032872233
37,Pspline-Adam,0.2,1100,5,0.980569362640381,0.1727815925963856,1.3494921773655861,1.0459854135593887,1.1295769989672082,0.1727815925963856,1.3494921773655861,1.0459854135593887,1.1295769989672082
37,Pspline-Adam,0.2,1200,5,0.976815700531006,0.16398536843675365,1.4364018935607508,1.1262155645120768,1.3486079211303408,0.16398536843675365,1.4364018935607508,1.1262155645120768,1.3486079211303408
37,Pspline-Adam,0.2,1300,5,0.981430768966675,0.138911096036578,1.370469747391078,1.0177795826499685,1.2388911215826277,0.138911096036578,1.370469747391078,1.0177795826499685,1.2388911215826277
37,Pspline-Adam,0.2,1400,5,0.987256288528442,0.20765554859943383,1.3695204515859454,0.9988096428759276,1.4024662585586956,0.20765554859943383,1.3695204515859454,0.9988096428759276,1.4024662585586956
37,Pspline-Adam,0.2,1500,5,0.987951040267944,0.2517393692905196,1.3664173340265517,1.0220718429661253,1.371623340473286,0.2517393692905196,1.3664173340265517,1.0220718429661253,1.371623340473286
37,Pspline-Adam,0.2,1600,5,0.985275983810425,0.21928072942043927,1.3419830041312177,1.0138579487173889,1.3157858468948536,0.21928072942043927,1.3419830041312177,1.0138579487173889,1.3157858468948536
37,Pspline-Adam,0.2,1700,5,0.97614049911499,0.23187907838998104,1.3466059255671916,1.0253647299232893,1.332629379214366,0.23187907838998104,1.3466059255671916,1.0253647299232893,1.332629379214366
37,Pspline-Adam,0.2,1800,5,0.985484600067139,0.19071831881366572,1.3354424517163206,1.0380419771800302,1.3214137476830623,0.19071831881366572,1.3354424517163206,1.0380419771800302,1.3214137476830623
37,Pspline-Adam,0.2,1900,5,0.988408803939819,0.1582068280856966,1.3229172119075332,1.0513651473014118,1.2943019201342028,0.1582068280856966,1.3229172119075332,1.0513651473014118,1.2943019201342028
37,Pspline-Adam,0.2,2000,5,0.9963538646698,0.14029295946488954,1.2979554013161123,1.0315310679974703,1.2222334124929655,0.14029295946488954,1.2979554013161123,1.0315310679974703,1.2222334124929655
37,Pspline-Adam,0.2,2100,5,0.978756904602051,0.16231339460828992,1.2945553223791253,1.0124403004312215,1.164963006852448,0.16231339460828992,1.2945553223791253,1.0124403004312215,1.164963006852448
37,Pspline-Adam,0.2,2200,5,0.980491876602173,0.17808323197893453,1.3062734530147866,1.0553453676497735,1.1791108737583942,0.17808323197893453,1.3062734530147866,1.0553453676497735,1.1791108737583942
37,Pspline-Adam,0.2,2300,5,0.983191728591919,0.1762866458545481,1.309148639860802,1.0716767155682227,1.2362534396492706,0.1762866458545481,1.309148639860802,1.0716767155682227,1.2362534396492706
37,Pspline-Adam,0.2,2400,5,0.989709377288818,0.1840711765487932,1.2926858361971216,1.0730746800960225,1.1350916061279768,0.1840711765487932,1.2926858361971216,1.0730746800960225,1.1350916061279768
37,Pspline-Adam,0.2,2500,5,0.993689775466919,0.16065377959081917,1.292716383113166,1.0856392760968423,1.2713772916942085,0.16065377959081917,1.292716383113166,1.0856392760968423,1.2713772916942085
37,Pspline-Adam,0.2,2600,5,0.973044157028198,0.14768049609798414,1.274213002313848,1.1023686802171166,1.223875549260133,0.14768049609798414,1.274213002313848,1.1023686802171166,1.223875549260133
37,Pspline-Adam,0.2,2700,5,0.980535984039307,0.13234713428704137,1.2552815068060703,1.0655462528348416,1.2869309057123863,0.13234713428704137,1.2552815068060703,1.0655462528348416,1.2869309057123863
37,Pspline-Adam,0.2,2800,5,1.11282992362976,0.1580788160580328,1.260593709733139,1.071225478964215,1.299539843959397,0.1580788160580328,1.260593709733139,1.071225478964215,1.299539843959397
37,Pspline-Adam,0.2,2900,5,0.977057695388794,0.13071918269198676,1.2296226908443477,1.0662521827534328,1.3491507440537946,0.13071918269198676,1.2296226908443477,1.0662521827534328,1.3491507440537946
37,Pspline-Adam,0.2,3000,5,0.979516506195068,0.1508199045380169,1.2234622000194655,1.0662092873645082,1.3482775397943136,0.1508199045380169,1.2234622000194655,1.0662092873645082,1.3482775397943136
37,Pspline-Adam,0.2,3100,5,0.976258277893066,0.12020953454001979,1.2339895430989063,1.0506116626281559,1.3346591497827756,0.12020953454001979,1.2339895430989063,1.0506116626281559,1.3346591497827756
37,Pspline-Adam,0.2,3200,5,0.96776294708252,0.1288253931869822,1.2290790765497719,1.0687623040892955,1.379402115848947,0.1288253931869822,1.2290790765497719,1.0687623040892955,1.379402115848947
37,Pspline-Adam,0.2,3300,5,0.976568698883057,0.13645084787454342,1.224838438733884,1.0695713203379977,1.337016182212623,0.13645084787454342,1.224838438733884,1.0695713203379977,1.337016182212623
37,Pspline-Adam,0.2,3400,5,0.97417950630188,0.18939894730314047,1.1882143665118046,1.027361640837373,1.4044383603021506,0.18939894730314047,1.1882143665118046,1.027361640837373,1.4044383603021506
37,Pspline-Adam,0.2,3500,5,0.980458498001099,0.2285710410904609,1.1711925337685731,0.9757212862852862,1.2501775863992,0.22273294694975568,1.171517420135421,0.9773388406573849,1.2565605122003505
37,Pspline-Adam,0.2,3600,5,0.998522758483887,0.24918661750678225,1.0520027996575512,0.902735743151363,1.1531099567069656,0.22481866541769197,1.1114412774582554,0.9188675819702224,1.1590710823183945
37,Pspline-Adam,0.2,3700,5,1.00408935546875,0.29565729873557794,1.060613377935011,0.9157563713302018,1.1857792066049158,0.23275602644137236,1.0803719856980671,0.9121913600089429,1.1668752057998366
37,Pspline-Adam,0.2,3800,5,0.997054815292358,0.2687436098761709,1.051488005578118,0.8995603066565847,1.3578153826923467,0.24809192384084505,1.0710893544863547,0.910864760860879,1.2026040758832275
37,Pspline-Adam,0.2,3900,5,1.00776028633118,0.30702140300928193,0.998192130624941,0.8799535147696083,1.2760405368834706,0.2547639749508053,1.0570686155238385,0.9005802337619924,1.233368448824081
37,Pspline-Adam,0.2,4000,5,0.991481304168701,0.29628455154439975,1.0011208698368987,0.8878977700214462,1.28452352470098,0.2629694480437366,1.0505935681006913,0.8963223413270962,1.2395722237392415
37,Pspline-Adam,0.2,4100,5,1.00250554084778,0.2922939550584553,0.9733178216150324,0.8316496592512107,1.230989179099475,0.262248682065245,1.0395079924235364,0.8852909780199125,1.2366820319953564
37,Pspline-Adam,0.2,4200,5,1.01636981964111,0.27164370654257,0.9845673366944228,0.8380086887376751,1.3720392626697482,0.26242857297910144,1.0306276429812937,0.8776234982882127,1.2474494777767224
37,Pspline-Adam,0.2,4300,5,0.994909524917603,0.3591270126441945,0.928007580948189,0.8025598032549301,1.3383611751877786,0.26494280008347093,1.0199106132390185,0.8692049896598254,1.2642143641256098
37,Pspline-Adam,0.2,4400,5,0.998772621154785,0.33345272087245786,0.8718871881117702,0.7822505983957295,1.355225960547313,0.27200088275859013,1.0040057506365125,0.8597999959728575,1.2730237497972754
37,Pspline-Adam,0.2,4500,5,1.00099015235901,0.33319390913442654,0.8139925615223227,0.756849914879145,1.1782273353057824,0.2748663026903616,0.9883255441958174,0.8476950682264774,1.272382488456054
37,Pspline-Adam,0.2,4600,5,1.00051522254944,0.33762410031311435,0.8324521325668182,0.7891170995153903,1.234849197765414,0.2784923589926021,0.9745538857331736,0.8396932325650738,1.2647271419758714
37,Pspline-Adam,0.2,4700,5,1.00603532791138,0.39510052852094013,0.847674525690922,0.7949073512987754,1.4019198887379944,0.2824754815558826,0.9639961370260135,0.835427543736043,1.2678621823797906
37,Pspline-Adam,0.2,4800,5,1.00076842308044,0.36257318408882194,0.8176868799723529,0.7915576703088834,1.498693707197792,0.28976431663004165,0.9535689810998506,0.8318550154226045,1.283523344492728
37,Pspline-Adam,0.2,4900,5,1.00101399421692,0.3412466471685349,0.809321227182558,0.7579552749306983,1.5562940603160536,0.29272217527916,0.9370891457822936,0.8263444662887766,1.3008616638003856
37,Pspline-Adam,0.2,5000,5,1.1227011680603,0.30528760316122533,0.8070956033140503,0.774453183086104,1.5429180197791594,0.29456263328432547,0.9276738753187689,0.8215251369244885,1.317174892915123
37,Pspline-Adam,0.2,5100,5,0.163943529129028,0.3152962738345058,0.806002722459956,0.7656946836989459,1.3619469795973425,0.29415755227579626,0.9200728482607331,0.8178895463020671,1.3261069814030628
37,Pspline-Adam,0.2,5200,5,0.168175220489502,0.29407978676416774,0.8142705992553091,0.7963604182010469,1.3034748203325373,0.29350149458263586,0.9135040450158274,0.8147447852765413,1.3255969934083944
37,Pspline-Adam,0.2,5300,5,0.167352914810181,0.38735511109130427,0.7425790030121819,0.7146993536932796,1.3004935723676292,0.2936824230503782,0.9057728501520438,0.8109062027125321,1.3248373655585255
37,Pspline-Adam,0.2,5400,5,0.164684772491455,0.35063973436735474,0.6371310379323216,0.5965491258688906,1.136759222145859,0.29657366149096825,0.8944139539733574,0.8015900513322054,1.318124003312157
37,Pspline-Adam,0.2,5500,5,0.170308113098145,0.3679114189360729,0.6239871807018144,0.6435946130697436,1.135708982543848,0.2987481918775755,0.8818982967493535,0.7917388316271082,1.3088198536731126
37,Pspline-Adam,0.2,5600,5,0.164260625839233,0.3524212821316062,0.5949759270377035,0.6204025944211956,1.2023771753725507,0.3015069550556757,0.8696034517423886,0.7839496182958782,1.3027558871483045
37,Pspline-Adam,0.2,5700,5,0.163496971130371,0.36672369066181526,0.5784670406146823,0.6052282391466122,1.196995039177484,0.30345866003570915,0.8577424956697915,0.7754359195724072,1.2989487807125628
37,Pspline-Adam,0.2,5800,5,0.171865701675415,0.3552441422227281,0.5762961550606671,0.5855702523736144,1.0873393766600201,0.3041383421749241,0.8465777504561582,0.7664264972607101,1.2922615296052478
37,Pspline-Adam,0.2,5900,5,0.164427757263184,0.34864497562023544,0.619136391931299,0.6385122630646052,1.0003730647661924,0.30470119745638385,0.8361937035179473,0.7598307452046072,1.2816666819767757
37,Pspline-Adam,0.2,6000,5,0.172042369842529,0.33664316739445066,0.5544498741012245,0.6069164793428332,0.8946550222898245,0.3056208032114824,0.8260607508307225,0.7540441469171766,1.2687401975265864
37,Pspline-Adam,0.2,6100,5,0.164912939071655,0.38805207727645685,0.5530383945943576,0.5975372993123995,0.8669872714798265,0.3067522655160452,0.8168997742769738,0.7468952254672295,1.2527379148991462
37,Pspline-Adam,0.2,6200,5,0.16436243057251,0.35917067005855685,0.643361776953632,0.6606560354091616,1.130239015884793,0.30815110435440674,0.8084772468165772,0.7420539028978413,1.2436128314806492
37,Pspline-Adam,0.2,6300,5,0.171497821807861,0.3362455161577265,0.5378313736118879,0.576934839262302,1.1059964242129245,0.30931212663596863,0.8000937387338264,0.737645951608558,1.2387827700352323
37,Pspline-Adam,0.2,6400,5,0.164572715759277,0.36282444059934676,0.46510980882342007,0.5471306730062295,1.1766383746011262,0.30979743450091735,0.7893794575507205,0.7296337814406085,1.2354866750404365
37,Pspline-Adam,0.2,6500,5,0.164137601852417,0.4657774809496352,0.46690638842760107,0.574960827758965,1.124456732209601,0.31247856694968085,0.779274508109112,0.7232111965935278,1.2332086238210938
37,Pspline-Adam,0.2,6600,5,0.17156720161438,0.43651669191161524,0.45387117540102584,0.5449212800569027,1.1234875202105035,0.31659756619723745,0.7688043502665635,0.7167891946541305,1.2285948727818083
37,Pspline-Adam,0.2,6700,5,0.164677619934082,0.4550231213327398,0.5031753364970941,0.5748972044618652,0.9756227078818015,0.3199783460095517,0.7590557492299581,0.710984738820049,1.2224812307813382
37,Pspline-Adam,0.2,6800,5,0.167728185653687,0.41371936823974637,0.5496611995416769,0.5730163989174745,1.0131127606416548,0.32342652709694375,0.749358249226332,0.7062003108531353,1.2145400813277982
37,Pspline-Adam,0.2,6900,5,0.168617963790894,0.39185653881866855,0.4831445252585721,0.5864429145319462,0.9404807266672214,0.32481431246944464,0.7410115630116727,0.7014618594915255,1.2072470367797479
37,Pspline-Adam,0.2,7000,5,0.164894342422485,0.34844310949947466,0.45621806161935063,0.525210356033672,0.9074316048217798,0.32598244348459043,0.7333068794495641,0.6971738520246195,1.1999220654587397
37,Pspline-Adam,0.2,7100,5,0.170687675476074,0.3562896326602182,0.4615503108347722,0.5073951260471601,0.8652232209582454,0.32621148987115534,0.725507207764878,0.6915885519879872,1.191288881015947
37,Pspline-Adam,0.2,7200,5,0.164222002029419,0.4031935314312524,0.4986579726947915,0.5817305413351154,0.8518582505577532,0.32733269199425236,0.7182288509416923,0.6872318761868089,1.1828397959219967
37,Pspline-Adam,0.2,7300,5,0.164322853088379,0.4050921707021055,0.48750025413425374,0.5948514312043984,0.8900506394746639,0.32915359869247746,0.711602272329156,0.6841227181899864,1.1749999570148866
37,Pspline-Adam,0.2,7400,5,0.170435428619385,0.3675091191517836,0.5050513608757158,0.5611527396798451,0.9084977192195047,0.3298669712197858,0.7048577119492859,0.6810497295131303,1.1682211740061588
37,Pspline-Adam,0.2,7500,5,0.164292573928833,0.3798250189355725,0.5126731056985278,0.5853440913322527,0.8885365505816396,0.32974873050564923,0.6978707565101953,0.677678119013145,1.1614670473543802
37,Pspline-Adam,0.2,7600,5,0.167682647705078,0.39361689912826187,0.4856308728523532,0.6036686743824877,0.9466902007320055,0.3304814759826404,0.6911776833984781,0.6752607733468486,1.1548360989213546
37,Pspline-Adam,0.2,7700,5,0.167773008346558,0.37320530020991155,0.44630713819036033,0.5649498522566921,1.0180311435656146,0.33150833032192123,0.6841057091719773,0.6725396982530107,1.1504044172819985
37,Pspline-Adam,0.2,7800,5,0.164616823196411,0.40510624649917126,0.49355173059135476,0.5981110254564159,1.0452624396697063,0.33221197881171183,0.6773706522825228,0.6696658595295674,1.1467993937850818
37,Pspline-Adam,0.2,7900,5,0.170721769332886,0.3797550852677068,0.46071472032364064,0.5858621560811288,1.2500952727254873,0.3331003145219349,0.6712292380627108,0.6675421717690833,1.1456427668403
37,Pspline-Adam,0.2,8000,5,0.167745351791382,0.38281351456260065,0.46533557054678815,0.5900265932124611,1.3450800091602066,0.3333590100886113,0.664974009067389,0.6649640726926661,1.1490511367218237
37,Pspline-Adam,0.2,8100,5,0.164649486541748,0.37908207313058057,0.4591773448013354,0.5652153483129776,1.1469575780089252,0.3340745872317404,0.6593445791827923,0.6625909371239973,1.1502427533232573
37,Pspline-Adam,0.2,8200,5,0.171335220336914,0.38886896185038283,0.4877956388175089,0.5944833550898675,1.1045725598733294,0.33516327952619324,0.6540404394606083,0.6608261217492531,1.1482887305113265
37,Pspline-Adam,0.2,8300,5,0.163966417312622,0.3767308767453673,0.47330126701629815,0.5662723106831322,1.110241125732929,0.335836229453385,0.648821049528972,0.6589131755255052,1.147157424191509
37,Pspline-Adam,0.2,8400,5,0.164016246795654,0.39158917369582774,0.3960379825778495,0.5647600530239093,1.119592032676239,0.33652567290462293,0.6427795949426252,0.6561732874567419,1.1458702250041874
37,Pspline-Adam,0.2,8500,5,0.170821666717529,0.466350094207532,0.36698002794875484,0.5730879986458443,1.0441262753730938,0.3377987884893307,0.6369507706403367,0.6535317240677568,1.1444575315187702
37,Pspline-Adam,0.2,8600,5,0.164655447006226,0.44268890457649024,0.37724901211484274,0.5188315606866614,1.043428845638999,0.33966010337454783,0.6304128535374555,0.6501706827822863,1.1416111194099199
37,Pspline-Adam,0.2,8700,5,0.16798996925354,0.4603306490757292,0.4031564936306998,0.525846039117191,0.9548323991241031,0.34155490072631695,0.6241610259149324,0.6469657328141738,1.13846211151104
37,Pspline-Adam,0.2,8800,5,0.168346881866455,0.47230598312800265,0.38389376266045827,0.5213661762810765,1.056271882356525,0.3435936534285602,0.6182362765219802,0.6439738253364005,1.1359517010537858
37,Pspline-Adam,0.2,8900,5,0.167566061019897,0.5035825354778093,0.36767636910528456,0.6238427672671542,0.9899002070753565,0.3457532902542623,0.6127170735666979,0.6412229703114272,1.1343528784483334
37,Pspline-Adam,0.2,9000,5,0.168742656707764,0.47794797022932994,0.41442258062817516,0.5608696528814938,1.0017755035177887,0.3478896018359981,0.6075533450079812,0.638754792056294,1.1313592194405566
37,Pspline-Adam,0.2,9100,5,0.165563106536865,0.4657995999757618,0.3903057528056133,0.5605530181173521,0.9128217968890959,0.34965207645168833,0.6028027802083756,0.6364408812064989,1.1278237116396803
37,Pspline-Adam,0.2,9200,5,0.171369791030884,0.4687893935702603,0.4220785079770261,0.5370329194851946,0.9569079595230089,0.35137009428992905,0.5980673761673144,0.6341031191208576,1.1241989579311926
37,Pspline-Adam,0.2,9300,5,0.165525436401367,0.4771669172683579,0.39063354101179887,0.5163743631272544,0.974957529452437,0.3534545655562995,0.5933792993850853,0.6318264261857511,1.1213144587161656
37,Pspline-Adam,0.2,9400,5,0.165411710739136,0.4728003757288532,0.39252010612744664,0.5210055423456716,0.9854328282365721,0.35520330651840093,0.5884617543814876,0.6292315914237079,1.1184938250306609
37,Pspline-Adam,0.2,9500,5,0.170471906661987,0.465057243064716,0.3905468299261996,0.5069391038314742,0.9354660664628562,0.3568250071157746,0.5836015291717309,0.6266760139651024,1.115356283359145
37,Pspline-Adam,0.2,9600,5,0.164515495300293,0.4334287174233716,0.3944904482576052,0.4993292119273877,0.9874303261651821,0.358088645366284,0.5791449610479973,0.6241566342518741,1.1126801253306857
37,Pspline-Adam,0.2,9700,5,0.171180009841919,0.41240827115589257,0.4187752801343277,0.475296376666078,1.089129184081034,0.3590705154597647,0.5749791113476449,0.6218054068041851,1.1110820584128465
37,Pspline-Adam,0.2,9800,5,0.164387226104736,0.40997535685469577,0.45555948706855126,0.45007713046966746,1.1984964645196963,0.35962356907086984,0.5710745105967214,0.6192584619096277,1.11142488048272
37,Pspline-Adam,0.2,9900,5,0.167240142822266,0.41291297984943665,0.4111494083337891,0.44922716927442213,1.168435160405154,0.3600219267029445,0.5670438149585849,0.6164810011412224,1.1126026669962494
37,Pspline-Adam,0.2,10000,5,0.167576551437378,0.41431371585476956,0.42218783204363897,0.4522944102964429,1.1228594735601174,0.36053930087083036,0.5634321504995645,0.613893605593918,1.1130470239531922
37,Pspline-Adam,0.2,10100,5,0.165435314178467,0.42996248867237397,0.42659913803441896,0.4753424272157841,1.0710695514650197,0.36114740595041583,0.5600340142649076,0.6114670818684088,1.1125759019042019
37,Pspline-Adam,0.2,10200,5,0.170830726623535,0.4032464997805626,0.4275887224795303,0.4762427876433146,0.9699643256348232,0.36136742076183653,0.5569435639807013,0.6091505258672598,1.1110524669683697
37,Pspline-Adam,0.2,10300,5,0.164894342422485,0.42686948201544916,0.40573592754516785,0.45921508563373403,0.9810687464852788,0.36161024453690477,0.5537651433550212,0.6068897990945495,1.109273964194959
37,Pspline-Adam,0.2,10400,5,0.168363332748413,0.4249991506374024,0.4274438462449135,0.45017341489233675,1.0108221310351273,0.3620578300418484,0.5503674087655244,0.6044012319740221,1.1073030016149557
37,Pspline-Adam,0.2,10500,5,0.168670415878296,0.411913046687204,0.42036469565237916,0.44019730462395723,0.9714296985837267,0.36250105265562305,0.5471930584672438,0.6019693032534146,1.1053549858201988
37,Pspline-Adam,0.2,10600,5,0.165609121322632,0.412554410245131,0.40650193402428847,0.43529198098131455,1.0162515028623216,0.36283238613434043,0.544143042843613,0.5994680918490713,1.103827619586464
37,Pspline-Adam,0.2,10700,5,0.17158842086792,0.3980230571015236,0.38791038994445787,0.4156581946008316,1.077498133726052,0.36320249800388676,0.5409894095193167,0.596993602832908,1.103410907043489
37,Pspline-Adam,0.2,10800,5,0.164572954177856,0.4069636354060739,0.41732655020846643,0.4408685451234387,1.0243297299233083,0.36327729196793035,0.5381247654131938,0.5944869393884662,1.1027320791945643
37,Pspline-Adam,0.2,10900,5,0.164708375930786,0.38241496748628845,0.445394673606609,0.419278275103541,0.943133784775295,0.36320735269004617,0.5358666088818196,0.5922790324342582,1.100671620398661
37,Pspline-Adam,0.2,11000,5,0.171015024185181,0.3618855393267346,0.41545491729676326,0.41677947677015675,0.8779745195256268,0.36282783873812763,0.5338423855395914,0.5900399379168102,1.0983461150581426
37,Pspline-Adam,0.2,11100,5,0.164628505706787,0.3553292792215976,0.4258316410539161,0.42540459451400636,0.9240360197187903,0.3625832128595651,0.5317576039573341,0.5877379831336781,1.095787272438133
37,Pspline-Adam,0.2,11200,5,0.171416997909546,0.35147637778536095,0.4366501450777902,0.41762380646445446,1.0015788613896948,0.3619615291425351,0.5299358940420341,0.5856107984789667,1.0942242250503729
37,Pspline-Adam,0.2,11300,5,0.164922475814819,0.3648593620531063,0.4608228551873247,0.41829717786387216,1.149363417668999,0.3615604706516984,0.5279143751340732,0.5834891853917349,1.093869003585934
37,Pspline-Adam,0.2,11400,5,0.16790509223938,0.4097350571662149,0.46208170562132705,0.4099634257265721,1.067996328072809,0.36124054910378123,0.5259515785017345,0.5812268961888389,1.0938059132389863
37,Pspline-Adam,0.2,11500,5,0.168312549591064,0.43315064750977356,0.4879714770309421,0.4059785090639632,1.0431279197709937,0.361293901188409,0.5242675684052146,0.5791797666029296,1.0933266240380548
37,Pspline-Adam,0.2,11600,5,0.164677858352661,0.4277571293723086,0.484566339795403,0.4167646285160236,1.1017430938938035,0.3614621734902692,0.5227597738811235,0.5772652473923132,1.0929182528914432
37,Pspline-Adam,0.2,11700,5,0.170894145965576,0.43572896879185546,0.49010414125105944,0.3910011431364241,0.9699438338359045,0.36163082096278437,0.5213094795415926,0.5752919463007147,1.0919192306372014
37,Pspline-Adam,0.2,11800,5,0.164750099182129,0.41973551174855445,0.5470663389473926,0.4221751754053053,1.0286745895051885,0.3614415884454102,0.5199619130140842,0.5733344469923543,1.0906452359211503
37,Pspline-Adam,0.2,11900,5,0.164530038833618,0.41366457387320366,0.4799914300780852,0.4309134295665404,0.9703005001545278,0.3611151730796911,0.5187024171902497,0.5714591479170772,1.0891723400670439
37,Pspline-Adam,0.2,12000,5,0.170311212539673,0.37028806351961624,0.4632337211185269,0.3932573761373246,0.8744840660002663,0.3607245144719227,0.5174765093788656,0.5695531667177592,1.0871240815143597
37,Pspline-Adam,0.2,12100,5,0.165021896362305,0.3841926712275792,0.46685099664107255,0.3939447840873088,0.9096591566520772,0.36038481044477855,0.5161765590195416,0.5676535032837392,1.0849101150459084
37,Pspline-Adam,0.2,12200,5,0.17077374458313,0.39634651295708045,0.4906098369663369,0.4324431173972379,0.8809363467523688,0.3603275453708734,0.5151352494326594,0.5660781450963905,1.082788069624271
37,Pspline-Adam,0.2,12300,5,0.164272785186768,0.3871542798041202,0.47936829939708053,0.4303317708248424,0.8894923520625126,0.36031706278040054,0.514145290954786,0.5646511372310031,1.0808895525227575
37,Pspline-Adam,0.2,12400,5,0.167150497436523,0.4054210410076046,0.4692672817620162,0.3893409098543602,0.9384379180110574,0.3600281381140795,0.5131939201215069,0.5630904280247755,1.0792796939308793
37,Pspline-Adam,0.2,12500,5,0.167770385742188,0.3619513081216667,0.48279460954478576,0.44016435039947355,0.9004880957980916,0.3592971303404418,0.5122585591741378,0.5615387327912836,1.0774479115864128
37,Pspline-Adam,0.2,12600,5,0.165488481521606,0.35216475010164244,0.48193896245637136,0.430308266575517,0.9474074795309677,0.3588235072698834,0.5114200626224725,0.560185031822151,1.0758310299953595
37,Pspline-Adam,0.2,12700,5,0.170900344848633,0.37570556032692637,0.45121940258976734,0.4057145343083496,0.9750581766243152,0.3584091733645902,0.5103247037518951,0.5587042135769478,1.0746867529252002
37,Pspline-Adam,0.2,12800,5,0.164368152618408,0.41101634491409067,0.5315343577056185,0.42902629381994195,0.9754387571179491,0.3581427857477875,0.5091543494065464,0.5571568395506286,1.0734853478683548
37,Pspline-Adam,0.2,12900,5,0.165593862533569,0.3545335686713882,0.4874903430542696,0.43671586396478035,1.0841417248880465,0.3576722753737648,0.5083426660895775,0.5558214519174907,1.0729912586356927
37,Pspline-Adam,0.2,13000,5,0.180281639099121,0.34716734897940654,0.48479360302134844,0.44845901683193157,1.0177161797242096,0.3570869226592486,0.507677136541918,0.5544615120791169,1.0727057533212456
37,Pspline-Adam,0.2,13100,5,0.164633750915527,0.3254496470452408,0.49515442727706227,0.43102954085323714,0.9048847567344733,0.35629625085223343,0.507077638655476,0.5530867521838844,1.0717429254881867
37,Pspline-Adam,0.2,13200,5,0.167907953262329,0.32253929378861185,0.5045610975470223,0.45076301608867936,0.9238449438252719,0.35535688466758103,0.5065772369295243,0.5517799687262742,1.0701088892987844
37,Pspline-Adam,0.2,13300,5,0.164808511734009,0.33442384997895097,0.5110011661748829,0.4264245814137268,0.8870705311208401,0.35449687401589963,0.5062076670490613,0.5504994835599879,1.068416763319183
37,Pspline-Adam,0.2,13400,5,0.167597055435181,0.3488207347165639,0.5054439783743906,0.42782628498661307,0.9013561889522881,0.3536660774647992,0.5055809926479253,0.5490729593338476,1.0666626919542248
37,Pspline-Adam,0.2,13500,5,0.168401002883911,0.3704545003097119,0.47117556176965514,0.42305297763330285,0.9610636403991907,0.3531959911706874,0.5049235231671532,0.5478325525874933,1.0654699083200794
37,Pspline-Adam,0.2,13600,5,0.165429830551147,0.3643283985088546,0.4827906323987601,0.4032443626578133,0.9686348500895682,0.35289155393639104,0.5040845022687475,0.5464164198576518,1.0642218094744287
37,Pspline-Adam,0.2,13700,5,0.17158055305481,0.43205479290229726,0.5362555576406887,0.4087947087039875,0.8771788152983101,0.3528683638656125,0.5033632456789388,0.5451239746288958,1.062768960222254
37,Pspline-Adam,0.2,13800,5,0.165276527404785,0.43998964954940856,0.5170874909629389,0.4272750748093688,1.0136701375177508,0.35319254927319665,0.5027101563235807,0.5439217417229784,1.061596114762019
37,Pspline-Adam,0.2,13900,5,0.167051076889038,0.4524261672447219,0.49431767831068646,0.5086619036270756,0.9511076517451739,0.3535743661102382,0.5021046950760614,0.5427340576856629,1.0611564271795801
37,Pspline-Adam,0.2,14000,5,0.168783903121948,0.4268124429825442,0.5279470239404012,0.459695685091186,0.961227611910267,0.3539038231741721,0.501540384141921,0.5416712338453089,1.0599588155245236
37,Pspline-Adam,0.2,14100,5,0.163977146148682,0.41033810136451776,0.5073290312285106,0.46218277035521255,0.8828841039443137,0.3540626912200008,0.5010724351919982,0.5407031716726876,1.0585310714132645
37,Pspline-Adam,0.2,14200,5,0.172055244445801,0.4082241337478943,0.5305983585405524,0.4461403315205361,0.9110782201242236,0.35419824347105944,0.5005678808082948,0.5397202474539301,1.0569156310359828
37,Pspline-Adam,0.2,14300,5,0.164556980133057,0.4431868563557924,0.5265981084798143,0.4337131350428508,0.9425994929513487,0.3546145276451303,0.5001803053033814,0.5388474575304351,1.0556666516820934
37,Pspline-Adam,0.2,14400,5,0.176211595535278,0.4369653883829312,0.5218172266219971,0.439829289425672,0.970990980583602,0.3550228786443244,0.4996500956565754,0.5378466290543699,1.0546567750633278
37,Pspline-Adam,0.2,14500,5,0.171181201934814,0.4335455009332061,0.5195214692181006,0.4358554624198681,0.9200197484658776,0.3553465409830157,0.4991119564602277,0.5368599044727844,1.0534443648218392
37,Pspline-Adam,0.2,14600,5,0.164532661437988,0.4136510796010533,0.516649072191878,0.4448766501403703,0.9605961633802376,0.3554995278176835,0.49873784747382743,0.5359158329698722,1.0523693886322936
37,Pspline-Adam,0.2,14700,5,0.167952060699463,0.39985832812121797,0.5382869436981477,0.43528892349218234,1.0601820007157376,0.35551234234517126,0.4984683404908291,0.5350445440221298,1.0518586013321132
37,Pspline-Adam,0.2,14800,5,0.164018392562866,0.4016306340661538,0.5670416770610367,0.41154492357302913,1.1795666733391503,0.3553965771539194,0.49832063815988575,0.5340799154014679,1.0524476554311961
37,Pspline-Adam,0.2,14900,5,0.167619228363037,0.40775599087131664,0.5310470816889141,0.41912320818716486,1.1554740579146519,0.3552220548639018,0.49805539909339114,0.5329935816797429,1.0535748803765161
37,Pspline-Adam,0.2,15000,5,0.167622327804565,0.40266727193338253,0.5367855868088522,0.42154712278444123,1.1093431505370117,0.3551587210544066,0.497921952488547,0.5319886069226182,1.0542854564900084
37,Pspline-Adam,0.2,15100,5,0.164747476577759,0.41943365743559907,0.546466063202075,0.44294890113573415,1.056166776405943,0.3551712572391327,0.4978429000022929,0.5310845219931368,1.0544623364682035
37,Pspline-Adam,0.2,15200,5,0.171481370925903,0.4019694654266715,0.5450418131802971,0.45929625553060427,0.9534144824398536,0.3550237774802184,0.4978691471030949,0.5302504070199978,1.0539941627695821
37,Pspline-Adam,0.2,15300,5,0.164400100708008,0.4126500037405259,0.5257635669407734,0.42867180248719317,0.9638053928816063,0.35486802043018706,0.4977966101261347,0.5294211204276208,1.0533514861058775
37,Pspline-Adam,0.2,15400,5,0.167268991470337,0.4254621556107512,0.5488817201819491,0.42011797836893316,0.9954076672583116,0.35487357905612404,0.49755647846798023,0.5284446584009278,1.0525927409137943
37,Pspline-Adam,0.2,15500,5,0.167731761932373,0.4128314183820886,0.5457087256122998,0.4175911367491757,0.9522421946441543,0.35491652226276216,0.4974634646509137,0.5274788381251487,1.0517910194962066
37,Pspline-Adam,0.2,15600,5,0.164895534515381,0.4217980631054408,0.5334717328365134,0.4152963055035133,0.9970701653144037,0.3549490256302606,0.49741261096466205,0.5264871275391826,1.0512256177462924
37,Pspline-Adam,0.2,15700,5,0.171773195266724,0.3991558976073669,0.5162961081249957,0.3925816893065006,1.0515519317910453,0.3549965020413357,0.49726058503883774,0.5255045860252855,1.0512481032820538
37,Pspline-Adam,0.2,15800,5,0.16485071182251,0.4187407726461451,0.5436669323641878,0.44398623498571077,1.0277605937495349,0.35492816288811707,0.4971937509497931,0.5244957489963644,1.0511707546476008
37,Pspline-Adam,0.2,15900,5,0.167548894882202,0.4082469221894795,0.5700281893060593,0.43291953074495854,0.9541330617321213,0.35479167432113545,0.49742203259204737,0.5236672342171822,1.0503923271445406
37,Pspline-Adam,0.2,16000,5,0.167625427246094,0.3881670973050609,0.5433837677205088,0.4281593606029705,0.8922894508585937,0.35451440420053043,0.49774106582549127,0.522837066241409,1.049505873131717
37,Pspline-Adam,0.2,16100,5,0.165188550949097,0.382026887738213,0.55320883547954,0.44576690111049966,0.9399394680592297,0.3543309701831927,0.4979718392613834,0.5220003356828713,1.0484860443077892
37,Pspline-Adam,0.2,16200,5,0.170191287994385,0.37406616193430925,0.5599491395900161,0.44401699725088895,1.005857870932371,0.3538802003473794,0.4983226909846656,0.5212440395685785,1.0479953479020436
37,Pspline-Adam,0.2,16300,5,0.164930820465088,0.38843324132427065,0.5611378679860105,0.4397571267233501,1.130662121655096,0.3535115455913796,0.49853193593567274,0.5204730799185484,1.0480961692491262
37,Pspline-Adam,0.2,16400,5,0.167781352996826,0.44528910481497863,0.5977376809461559,0.43544625581816415,1.0507198445702983,0.35336346262224966,0.49888307224299916,0.519651461559964,1.0483643581043605
37,Pspline-Adam,0.2,16500,5,0.16745662689209,0.46487084204907514,0.6117466044774402,0.4324551837642503,1.0176407437796373,0.3534566266028632,0.4994044991996683,0.5189472979342299,1.0482892012319887
37,Pspline-Adam,0.2,16600,5,0.165235042572021,0.45706124951968286,0.6113481730737453,0.44988314533628243,1.0455445146997975,0.35358565081946425,0.49996273769565863,0.5183175691444197,1.048158994473281
37,Pspline-Adam,0.2,16700,5,0.17340350151062,0.4661626789465659,0.6167423140123854,0.43204202891680604,0.9561087087067749,0.3536891266918847,0.5005610994685492,0.5176447112290963,1.047569033475209
37,Pspline-Adam,0.2,16800,5,0.16522741317749,0.44904502957420833,0.673234689905801,0.4811040656172361,0.9689062086232874,0.3536093777396451,0.5012553352226459,0.5170706374548472,1.0467537437942618
37,Pspline-Adam,0.2,16900,5,0.171536445617676,0.43813652693936184,0.6286980084985725,0.4864747587313085,0.9213429052797633,0.3533996493346448,0.5019424198528809,0.5165492768096667,1.0458123647293027
37,Pspline-Adam,0.2,17000,5,0.165138006210327,0.411094641474095,0.6167038376619278,0.4753412481419903,0.8581890040261573,0.35320980757886433,0.5026643591469809,0.5160679328121606,1.0446376099860333
37,Pspline-Adam,0.2,17100,5,0.165556907653809,0.41760970671832637,0.6162157856952216,0.4643084629833416,0.8949624350467378,0.35298747461359636,0.503323214241228,0.5155779376308791,1.0434515547189769
37,Pspline-Adam,0.2,17200,5,0.171537637710571,0.4274926079451941,0.641488049982277,0.49832504249071585,0.8598393678421412,0.352933340305978,0.5041363011175866,0.5152615948573451,1.0422902886077536
37,Pspline-Adam,0.2,17300,5,0.164564847946167,0.416887244895532,0.633559808559617,0.5034062953500265,0.8655571089254787,0.35287070634751366,0.5049388645814636,0.5150344186914502,1.0412152898039104
37,Pspline-Adam,0.2,17400,5,0.168160915374756,0.4483860559708279,0.6207728059653392,0.47515543701026014,0.9081031488135591,0.3527007761492763,0.5057545221329215,0.5147275471043108,1.0402909784109224
37,Pspline-Adam,0.2,17500,5,0.168630599975586,0.4060869846487961,0.6385479395901003,0.520635606612567,0.8382628436713828,0.3522770207993077,0.5065093424439698,0.5144302965983761,1.0390249374892573
37,Pspline-Adam,0.2,17600,5,0.164901971817017,0.3985599731102398,0.6386582327434034,0.511586299174796,0.9021808411737985,0.35199907127929464,0.5073285762442402,0.514255318204332,1.0378677877405016
37,Pspline-Adam,0.2,17700,5,0.172236204147339,0.42914765402063776,0.6114830266136679,0.4782988154589423,0.9369702338614112,0.35177508208219904,0.5079716007043219,0.5139729253110621,1.037117358536403
37,Pspline-Adam,0.2,17800,5,0.165570020675659,0.4608459727832385,0.6703728583213702,0.5084695808893395,0.9124691292432677,0.35169338169284925,0.508596662313676,0.513639518008267,1.0362996549939987
37,Pspline-Adam,0.2,17900,5,0.167932033538818,0.42472533113593586,0.6284661714442227,0.5115888095550969,0.9796235708082056,0.3516063975378206,0.5093167369046683,0.5134200426647555,1.0356462176897356
37,Pspline-Adam,0.2,18000,5,0.168555498123169,0.3970651718870007,0.615894133081772,0.4869786516080869,0.8968006513202191,0.35143883117807106,0.5101031431356259,0.5131761468476111,1.0348343835163212
37,Pspline-Adam,0.2,18100,5,0.168305397033691,0.3876296671533946,0.6221821956910212,0.49491699792022076,0.7802251257298215,0.35104106677012803,0.5107788685601939,0.5127697230578487,1.0336492967862179
37,Pspline-Adam,0.2,18200,5,0.170502185821533,0.39063590085233224,0.635223771359047,0.519257359559003,0.8033412012744026,0.35060857852145266,0.5114948087851163,0.5124385148442063,1.032052066031691
37,Pspline-Adam,0.2,18300,5,0.164209365844727,0.38272177622087866,0.6254151997459887,0.49620286438202293,0.7800313281253639,0.35021429314055663,0.5122609599078393,0.512115431837848,1.0303812475836884
37,Pspline-Adam,0.2,18400,5,0.170905351638794,0.3826129556168996,0.6117372905406517,0.49123453129691075,0.7914020184053256,0.34979454069508054,0.5128436630765815,0.5117140143916896,1.028785491675533
37,Pspline-Adam,0.2,18500,5,0.165350437164307,0.3993597613875301,0.6004660477893812,0.48112259053689393,0.8955515020536705,0.3495122407034939,0.5133839813713055,0.5113719572547594,1.0276988125624535
37,Pspline-Adam,0.2,18600,5,0.164678335189819,0.3926138726011515,0.6060344151029743,0.4651422948955834,0.9210764808577119,0.3493657134038581,0.5138122533905654,0.5109094084169333,1.0267747293194653
37,Pspline-Adam,0.2,18700,5,0.170556306838989,0.4422465863852248,0.6404192202528044,0.4682586929995451,0.8342680744188624,0.34931130450742576,0.5143163247271022,0.5105032846672174,1.0257714812291112
37,Pspline-Adam,0.2,18800,5,0.164628028869629,0.4743258155768099,0.6558316877063568,0.4755199376466626,0.9612865503691946,0.34951827447110784,0.5149451276026656,0.5102119364278606,1.0250505254312767
37,Pspline-Adam,0.2,18900,5,0.167851448059082,0.4487390598312352,0.6292470718255868,0.5417110922797311,0.9003249188337255,0.3497811059452482,0.5156205466477848,0.5099678959153339,1.0246388101221844
37,Pspline-Adam,0.2,19000,5,0.167724609375,0.43562940171940523,0.6572008773189701,0.5225886747770488,0.9270561098463478,0.35000669893412584,0.5162770323599,0.5098106470892234,1.0238613251385575
37,Pspline-Adam,0.2,19100,5,0.167701721191406,0.4204089140054922,0.6417065689344923,0.5262391725477623,0.8564797595727328,0.35008345793067674,0.5169301197211907,0.5096950741207602,1.0229394530301759
37,Pspline-Adam,0.2,19200,5,0.16818380355835,0.42399229939857874,0.6745551960588204,0.5296538241093806,0.8847650638686035,0.3502149030621781,0.517527012789636,0.5096055894707607,1.0219316604909217
37,Pspline-Adam,0.2,19300,5,0.165091753005981,0.4619865796005717,0.6500710794630877,0.5067967452594289,0.9075305998954193,0.35055930786894124,0.5181978076186352,0.5095796769453471,1.021148427325183
37,Pspline-Adam,0.2,19400,5,0.171771764755249,0.4524884787130246,0.6522630779231322,0.5118098717425905,0.9317008946409476,0.3508593230689691,0.5188072397812763,0.5094772671681983,1.020470098556841
37,Pspline-Adam,0.2,19500,5,0.165167808532715,0.4534824355471037,0.6462344632398099,0.5080968288017068,0.8922686419052612,0.3511467343940992,0.5193662853758886,0.5093487677725119,1.0196706905800113
37,Pspline-Adam,0.2,19600,5,0.164849519729614,0.4438274178709013,0.6419484418275063,0.520875822903217,0.9252139690005675,0.35132764336032807,0.5200034589778544,0.5092584862704924,1.0189482977869
37,Pspline-Adam,0.2,19700,5,0.170225620269775,0.43361355752353237,0.6666146693752598,0.5246887180723719,1.0156527292561066,0.35142453823952513,0.5206893556860727,0.5092213938424138,1.0185898394677508
37,Pspline-Adam,0.2,19800,5,0.163785219192505,0.4017069916105763,0.6639641519169341,0.5328237047651263,1.15923708120597,0.35141961586458503,0.521450567486616,0.5091644726680644,1.0189838869750258
37,Pspline-Adam,0.2,19900,5,0.170981884002686,0.41555505524129227,0.6505233887145322,0.5231300255127813,1.1568203999881572,0.351259935981248,0.5220808025762974,0.5090175395379233,1.019947857465518
37,Pspline-Adam,0.2,20000,5,0.165173530578613,0.4096867112121856,0.648872566830433,0.5149417099152912,1.0956512302418482,0.3511955894880007,0.5227447193848246,0.508882394241436,1.0206053811562759
37,Pspline-Adam,0.2,20100,5,0.16426157951355,0.4275283301618115,0.6628888567209114,0.5313366326535918,1.0475341520813268,0.3512045030406701,0.5234499145597235,0.5088178844325629,1.0208989980679566
37,Pspline-Adam,0.2,20200,5,0.172164916992188,0.4181424672837745,0.6628458129028504,0.5506114172478824,0.9477749827648269,0.35114358550825003,0.5242170811416155,0.5088209824470835,1.0207293448677244
37,Pspline-Adam,0.2,20300,5,0.164117097854614,0.4183926041344292,0.6436820656173798,0.5184029088369563,0.9591619072065583,0.35106370545609766,0.5249057311292357,0.50880923428792,1.0204611875628657
37,Pspline-Adam,0.2,20400,5,0.170706510543823,0.43836383604958457,0.6637293633517969,0.5099883030092183,0.9868738759095794,0.35109302459134356,0.5254781447393022,0.5086814461456535,1.0200997773949276
37,Pspline-Adam,0.2,20500,5,0.1647789478302,0.4316084703236954,0.6547327058996718,0.5091805828577123,0.9333166522029018,0.351189625474122,0.5261375822212322,0.5085657679478799,1.0196658114606427
37,Pspline-Adam,0.2,20600,5,0.167331695556641,0.4311348996223139,0.6394539891860817,0.5079405129894399,0.9858301952437729,0.3512292099791564,0.5267983264230522,0.5084103604914642,1.0194206923316005
37,Pspline-Adam,0.2,20700,5,0.16780948638916,0.40966919946654434,0.6300533821050208,0.4882642954396834,1.035961050876491,0.35127337403939635,0.5273968455957231,0.5082593681522178,1.0195563578232252
37,Pspline-Adam,0.2,20800,5,0.164645433425903,0.42597181562187597,0.6486963329328953,0.5403120469509237,0.9566283482374025,0.35126037979253233,0.5280309572903406,0.5080716928335061,1.019504684211973
37,Pspline-Adam,0.2,20900,5,0.172006845474243,0.4455324370119453,0.6868228336031851,0.5307444340546195,0.8373316851638877,0.351189077900539,0.5288110249697812,0.5079609826458749,1.01861803187426
37,Pspline-Adam,0.2,21000,5,0.165791034698486,0.4299914034140937,0.6637771964739051,0.5270976834160912,0.7427730555997734,0.35115485521182277,0.5296659658823761,0.5078979903046297,1.017372569521043
37,Pspline-Adam,0.2,21100,5,0.165343761444092,0.3885589382467155,0.6784038513113415,0.5551213668843218,0.7890159892802672,0.35115187574159407,0.530488105140049,0.507867860577943,1.0159103790557604
37,Pspline-Adam,0.2,21200,5,0.172386169433594,0.3684999272138174,0.6661879854432454,0.5549431055912635,0.894561810775457,0.3507822252744983,0.5312120100846025,0.5078905847754903,1.0151027996826645
37,Pspline-Adam,0.2,21300,5,0.166088819503784,0.4039340102089497,0.671734703536419,0.5380423981646655,1.0636487308184124,0.3504762262071699,0.5318534857395982,0.5078998939650284,1.0149516732935684
37,Pspline-Adam,0.2,21400,5,0.172219753265381,0.4259162477177175,0.6845968908320722,0.5539936429827677,1.0086195500232256,0.35032327247579365,0.5325903102014126,0.5078744311453735,1.0149871516026852
37,Pspline-Adam,0.2,21500,5,0.165967702865601,0.4551252169279506,0.7119554521002174,0.5534914725466547,0.9869169600020887,0.350311750623576,0.5334754777079823,0.5079555282824624,1.0148901647858306
37,Pspline-Adam,0.2,21600,5,0.168895959854126,0.45963440811374373,0.713413077279695,0.5615558475289446,1.0070576070271269,0.35037585016189504,0.534406786800213,0.5080871881999331,1.0147663739710844
37,Pspline-Adam,0.2,21700,5,0.168144941329956,0.4675029780246343,0.732144285049512,0.5626126580422731,0.8930990654702553,0.3504618054508641,0.5353916214232772,0.5082289475552247,1.0142889587859907
37,Pspline-Adam,0.2,21800,5,0.165624618530273,0.45042933635174176,0.7702116508074561,0.608683358509413,0.9393986126650429,0.3504008815970107,0.5364332058189966,0.5084340828255188,1.0136443032580778
37,Pspline-Adam,0.2,21900,5,0.171903610229492,0.42975886193811946,0.7256078457988383,0.5972055024113216,0.8869754569688494,0.3502291011974107,0.5374178563633494,0.5086549596180168,1.0129678001335112
37,Pspline-Adam,0.2,22000,5,0.165220737457275,0.4130870200580676,0.72721395988758,0.5989371585983216,0.803483389298699,0.3500843873236055,0.5384349348400242,0.5089006692250223,1.0121283677400772
37,Pspline-Adam,0.2,22100,5,0.169055938720703,0.4179974175152909,0.7189688901822975,0.5845747385587041,0.8321860146862963,0.3498791161796982,0.539373848482704,0.5091183637413838,1.011127646809235
37,Pspline-Adam,0.2,22200,5,0.168628931045532,0.41970764158094065,0.7456532143500473,0.6188507029130956,0.8113400693762983,0.3497956168886283,0.540442014663499,0.5094656237238263,1.0101836470121486
37,Pspline-Adam,0.2,22300,5,0.164612293243408,0.4105612688112852,0.7417132013331522,0.6274165828883569,0.8080268657760292,0.3496829781853602,0.5414920291271841,0.5098823257546854,1.0092896469278836
37,Pspline-Adam,0.2,22400,5,0.294112205505371,0.45009724568482085,0.7297877371891277,0.6009226332204622,0.8377459971885718,0.3495354972982027,0.5425633745281654,0.5102542743425471,1.0084661604984904
37,Pspline-Adam,0.2,22500,5,0.165139436721802,0.39437019033942705,0.7357694362915026,0.6314701036027585,0.7497389792863619,0.34918677073515403,0.5435275621244777,0.5105843635958065,1.0073326926860209
37,Pspline-Adam,0.2,22600,5,0.16832160949707,0.3855831823344414,0.7344036144161991,0.6294401934714533,0.8391697247002622,0.34889622480250065,0.5445146412455714,0.5109952819577772,1.0062454657943793
37,Pspline-Adam,0.2,22700,5,0.168236970901489,0.44440538848042016,0.7107074651048046,0.5969293758260414,0.8327314445186051,0.3486630737681023,0.5453745630219433,0.5113057321218846,1.005556196458221
37,Pspline-Adam,0.2,22800,5,0.164766311645508,0.45320824034809215,0.7769089329158879,0.6370238596862792,0.8689114975350285,0.34866164521539833,0.5462452141185752,0.5115910759125033,1.0048262080664092
37,Pspline-Adam,0.2,22900,5,0.171387195587158,0.4177535812690207,0.7246887129850866,0.6218167201469723,0.9209141098847954,0.34858634229797214,0.5471638287594708,0.5119510977642855,1.0042583537823615
37,Pspline-Adam,0.2,23000,5,0.164686679840088,0.3984155921096873,0.7228353826303758,0.6254911107172657,0.8577520963609544,0.34849913959811346,0.5481062013314673,0.5123244165432828,1.0034419395338339
37,Pspline-Adam,0.2,23100,5,0.168002128601074,0.38241271694617135,0.7253811095800089,0.6193405479483198,0.7430446557422363,0.3482565732561042,0.5489700307829473,0.5126454392120519,1.0025347610596211
37,Pspline-Adam,0.2,23200,5,0.16814661026001,0.37947558518538693,0.7373075611637295,0.645665010627432,0.7650062252878799,0.3479226400248288,0.5498681599415424,0.513021654967752,1.0013214006184372
37,Pspline-Adam,0.2,23300,5,0.16515064239502,0.37182879116427203,0.7263059823519679,0.6216888704182684,0.7536892276005731,0.34762260095253383,0.5507724724279197,0.5133891902208232,1.0000831822968315
37,Pspline-Adam,0.2,23400,5,0.172172784805298,0.3775081405299484,0.7192265365577762,0.6221769774032844,0.7916303310355854,0.3473014272520888,0.5515537981467209,0.5136780637456655,0.9989878276719398
37,Pspline-Adam,0.2,23500,5,0.165400505065918,0.39491989259737964,0.7079298068357647,0.6068859096644698,0.8865428441642171,0.3471008355123385,0.5523544948792273,0.5140178591712952,0.9982890096560472
37,Pspline-Adam,0.2,23600,5,0.168994188308716,0.39865584347321636,0.7130746611874194,0.5952015219025246,0.9268542659324628,0.34703238293085953,0.5530677468107023,0.5142497157629023,0.9977406404517487
37,Pspline-Adam,0.2,23700,5,0.168299913406372,0.4400695838536281,0.7453273686247837,0.5953765626740234,0.8218730412864089,0.347048481571711,0.553850069586559,0.5145311116658282,0.9970974255779141
37,Pspline-Adam,0.2,23800,5,0.164588212966919,0.4690753193094908,0.7580582419246462,0.6040996679629665,0.9310091413815135,0.34724390654594994,0.5547205314257277,0.5148777706824198,0.9965888994063193
37,Pspline-Adam,0.2,23900,5,0.181572437286377,0.43531865019083127,0.7325523939056737,0.660648770649972,0.8636352510314282,0.34746288314131024,0.5556268344687311,0.5152658501882584,0.9962546528963238
37,Pspline-Adam,0.2,24000,5,0.164801120758057,0.42164036336251026,0.7571254959428354,0.6522340382283944,0.8999564793576109,0.34762281845785814,0.5565125605397115,0.5157148404977854,0.9956605866743505
37,Pspline-Adam,0.2,24100,5,0.167548656463623,0.39896206698409575,0.7411405155347677,0.6481927528614719,0.8296013032677261,0.3476519443018452,0.5573458426827723,0.5161714001029027,0.9949677364883075
37,Pspline-Adam,0.2,24200,5,0.167859792709351,0.3994729104490899,0.7740978811066083,0.653749601055347,0.8560006015556274,0.3476971912471796,0.5581399202345171,0.5166534588639901,0.9941942930789944
37,Pspline-Adam,0.2,24300,5,0.164697408676147,0.42665238917388415,0.7456241024871322,0.6339290804468766,0.8816064957291219,0.34786093405504936,0.558990408210902,0.5171709604746617,0.9935946089860558
37,Pspline-Adam,0.2,24400,5,0.17315673828125,0.41992521153395557,0.7442327743458685,0.6343793712884456,0.9074696047162556,0.3479968878670688,0.559777986381202,0.5176311974849086,0.9931019228920048
37,Pspline-Adam,0.2,24500,5,0.164763212203979,0.41365486578429644,0.7324350355614635,0.6305749406344673,0.8719183533258117,0.34809109403829613,0.5604963481396783,0.5180428126428694,0.9925500035831325
37,Pspline-Adam,0.2,24600,5,0.168432474136353,0.42189415233027616,0.7331777903128638,0.6396255545016518,0.9103504622709534,0.34814428176341294,0.5612632486704384,0.5184855964722742,0.9920553159687466
37,Pspline-Adam,0.2,24700,5,0.167290449142456,0.40618982665175846,0.7583908798993625,0.6492385026300626,0.9958472049711629,0.34815348624917575,0.5620630382550091,0.518971871516469,0.9918293769714428
37,Pspline-Adam,0.2,24800,5,0.164808750152588,0.38314406504977044,0.743181296854406,0.6539334367921841,1.1234108162192975,0.34811366356733436,0.5629196688609934,0.5194586045106275,0.9921404602468953
37,Pspline-Adam,0.2,24900,5,0.172038316726685,0.39801646280290043,0.748221697631145,0.6493217416160593,1.1044043350640933,0.3479648210818527,0.5636837408435205,0.5198804655553444,0.9927782460524953
37,Pspline-Adam,0.2,25000,5,0.165457487106323,0.3892260643928268,0.7432693159919562,0.6405105155876913,1.0502742044174935,0.34788345528331316,0.5644741724191458,0.5203010536177464,0.9931931526437866
37,Batch-SOAP,NA,5000,5000,2199.31180691719,0.0856007300469605,0.2037166077885977,0.19833755492862618,0.634767693986023,0.0856007300469605,0.2037166077885977,0.19833755492862618,0.634767693986023
