seed,Method,StepSize,N,nBatch,Time,RMSEphi1,RMSEphi2,RMSEphi3,RMSEphi1.avg,RMSEphi2.avg,RMSEphi3.avg
15,OnlineFPCA-sgd,0.1,0,5,110.662417173386,0.19397919673459935,0.15451393523810492,0.23784692825401235,0.19397919673459935,0.15451393523810492,0.23784692825401235
15,OnlineFPCA-sgd,0.1,100,5,0.57763147354126,0.25679772771608256,0.19959509128467623,0.1595972568359448,NA,NA,NA
15,OnlineFPCA-sgd,0.1,200,5,0.41955304145813,0.10662584562564667,0.12828442738170426,0.14725790365149297,NA,NA,NA
15,OnlineFPCA-sgd,0.1,300,5,0.402390003204346,0.11632756865267554,0.12955160644850425,0.12082396832173872,NA,NA,NA
15,OnlineFPCA-sgd,0.1,400,5,0.374440670013428,0.15464214497960005,0.1545606227079239,0.11499995186319747,NA,NA,NA
15,OnlineFPCA-sgd,0.1,500,5,0.395938158035278,0.18483129564354145,0.175400950018698,0.10371625175557936,NA,NA,NA
15,OnlineFPCA-sgd,0.1,600,5,0.380749702453613,0.12732078068435576,0.1408388151446533,0.09163604579545288,NA,NA,NA
15,OnlineFPCA-sgd,0.1,700,5,0.346718072891235,0.1092486778608464,0.12572008554491715,0.08320935336571617,NA,NA,NA
15,OnlineFPCA-sgd,0.1,800,5,0.494039297103882,0.10360155481110345,0.12082755099523608,0.07794442384696097,NA,NA,NA
15,OnlineFPCA-sgd,0.1,900,5,0.332021474838257,0.10166062210292305,0.11800891327084909,0.07488596499937654,NA,NA,NA
15,OnlineFPCA-sgd,0.1,1000,5,0.328876256942749,0.1009196360777643,0.11729018267362144,0.07184009027852051,NA,NA,NA
15,OnlineFPCA-sgd,0.1,1100,5,0.482073783874512,0.10062673268023835,0.11534490553216112,0.06940764318615286,0.1006516043653475,0.11524963886822613,0.07035408839223879
15,OnlineFPCA-sgd,0.1,1200,5,0.456012725830078,0.1010969357751817,0.11586451225784018,0.068514867608148,0.09993887301735856,0.11503153116242278,0.06923327625878031
15,OnlineFPCA-sgd,0.1,1300,5,0.463476657867432,0.10201863605472834,0.11553142636083721,0.06661191009017264,0.09972251194068857,0.1150156350873952,0.06770295036014175
15,OnlineFPCA-sgd,0.1,1400,5,0.462334632873535,0.10287733327073051,0.11480347165547461,0.06541998622103122,0.0998380244641429,0.11461429670304846,0.0667760257052851
15,OnlineFPCA-sgd,0.1,1500,5,0.468129634857178,0.10119000904188097,0.11452608468242527,0.06557494838764011,0.09961425972407331,0.11431875529550105,0.06595321531284067
15,OnlineFPCA-sgd,0.1,1600,5,0.473008871078491,0.19492272557148,0.16778389177875302,0.13184474335840088,0.10234715125540023,0.1156234032886813,0.06449864996134834
15,OnlineFPCA-sgd,0.1,1700,5,0.461681365966797,0.21066592162783374,0.18156717166615335,0.12981874038597588,0.10274329747752753,0.11554717291391683,0.0640718106561606
15,OnlineFPCA-sgd,0.1,1800,5,0.458404302597046,0.1843191561453515,0.2158708524368261,0.14346708387500964,0.10375415061116346,0.11487709277599939,0.060848375347909475
15,OnlineFPCA-sgd,0.1,1900,5,0.460875272750854,0.16679555640837426,0.1929553644817014,0.12355966468251305,0.10692018364665391,0.11670410865308128,0.058178236638838254
15,OnlineFPCA-sgd,0.1,2000,5,0.459199905395508,0.17724951659396643,0.16704725898180547,0.15660633048224115,0.10613506534397844,0.11575667575958737,0.0561662969099654
15,OnlineFPCA-sgd,0.1,2100,5,0.457651615142822,0.14731313065216628,0.14631000771782204,0.122827755988783,0.10079549143472696,0.11160883526330687,0.05645020130651882
15,OnlineFPCA-sgd,0.1,2200,5,0.450335025787354,0.1413366992256329,0.11733808008490948,0.10560014139751432,0.09626529733309838,0.10785998424251574,0.057458464358046114
15,OnlineFPCA-sgd,0.1,2300,5,0.450914144515991,0.11030091715957471,0.11573771656382778,0.1265423043273067,0.09149385504928487,0.10281423729282602,0.05672397723713591
15,OnlineFPCA-sgd,0.1,2400,5,0.454310178756714,0.12065849919441125,0.10890145056124526,0.13484956729982817,0.08752787835921935,0.09837295398664299,0.055279979974957455
15,OnlineFPCA-sgd,0.1,2500,5,0.454803466796875,0.130172325502172,0.11371723207357931,0.12904987590539485,0.08445182396752406,0.0950059123582302,0.053831855346991676
15,OnlineFPCA-sgd,0.1,2600,5,0.453701019287109,0.199508459327773,0.14484755682643316,0.09410072232074214,0.08278840119176809,0.09323247000567811,0.05324000705103273
15,OnlineFPCA-sgd,0.1,2700,5,0.451093912124634,0.14433948805967894,0.14031742698755295,0.10150294002726896,0.08146111045377037,0.09168980455978072,0.05149056597015195
15,OnlineFPCA-sgd,0.1,2800,5,0.451489925384521,0.16034381399994566,0.15885884201536782,0.10380893167361553,0.08068613341345827,0.09069734102320139,0.04941598042973233
15,OnlineFPCA-sgd,0.1,2900,5,0.451455354690552,0.11524687901244218,0.1439323757819549,0.1102588161940841,0.08038484589310618,0.09002337145084131,0.04823742507397418
15,OnlineFPCA-sgd,0.1,3000,5,0.45483660697937,0.1476413521789177,0.12381510027288431,0.1244921422670228,0.0791825620052833,0.0887673830203929,0.04734114057279714
15,OnlineFPCA-sgd,0.1,3100,5,0.461257934570312,0.13025676445450157,0.15055589148152176,0.11215036711968303,0.0785478564698042,0.08749646946879336,0.046361988899384546
15,OnlineFPCA-sgd,0.1,3200,5,0.611510276794434,0.12416847714046407,0.13541771086636295,0.12617583183393344,0.07755933685625044,0.08568146938426185,0.04474931328726936
15,OnlineFPCA-sgd,0.1,3300,5,0.450040817260742,0.11989929952612946,0.10679316456613976,0.0973897960856171,0.07590413758329104,0.08352741462486823,0.043511967329508724
15,OnlineFPCA-sgd,0.1,3400,5,0.456541538238525,0.10489321162938452,0.11785026157491058,0.09996594673090838,0.07411278625659361,0.08116469016307665,0.04273024625664265
15,OnlineFPCA-sgd,0.1,3500,5,0.449224710464478,0.09763294531428035,0.13094741935947818,0.09967913153433866,0.0718803667221279,0.07881261630281101,0.04162096256761358
15,OnlineFPCA-sgd,0.1,3600,5,0.44892954826355,0.1347670757169423,0.10405827801471548,0.11054443992942926,0.07033101898055648,0.07714667744393641,0.04093667745070961
15,OnlineFPCA-sgd,0.1,3700,5,0.456456422805786,0.14845590814942805,0.10900190529617963,0.08133142908027344,0.06917154778303596,0.07580042609633984,0.04012299339703448
15,OnlineFPCA-sgd,0.1,3800,5,0.44836950302124,0.13908229142513823,0.1276521804200895,0.10636683955984112,0.06875604517641554,0.07515761858031159,0.03887526127965558
15,OnlineFPCA-sgd,0.1,3900,5,0.450366973876953,0.13597527063806952,0.12479413553419173,0.11779653141961893,0.06894983555745252,0.07499400858358178,0.03793495075468556
15,OnlineFPCA-sgd,0.1,4000,5,0.455437660217285,0.06900281323714508,0.07468549549596955,0.03703617570421332,0.06900281323714508,0.07468549549596955,0.03703617570421332
15,OnlineFPCA-sgd,0.1,4100,5,0.447657823562622,0.18852523634651297,0.12606934038080692,0.12510139314184923,0.0871749819040133,0.09541333472476858,0.07802180790756717
15,OnlineFPCA-sgd,0.1,4200,5,0.457289218902588,0.14186763399963948,0.12827884422319635,0.11074504082767672,0.07450502890412933,0.0827790899877841,0.06724463248440045
15,OnlineFPCA-sgd,0.1,4300,5,0.453464984893799,0.11731614266621364,0.09474346821932278,0.10074032145659215,0.06719698816806095,0.0726155340414778,0.05964892871029788
15,OnlineFPCA-sgd,0.1,4400,5,0.45832633972168,0.12385500525287585,0.11453425271043251,0.12284560337386341,0.06316849336095517,0.06640052432422018,0.05576023667742206
15,OnlineFPCA-sgd,0.1,4500,5,0.455272197723389,0.11353494308701947,0.11856688201002337,0.0984879153105124,0.05920031194259487,0.061764280898502624,0.05432290725063527
15,OnlineFPCA-sgd,0.1,4600,5,0.454277515411377,0.11324005378857306,0.1302447832260806,0.09303810332986881,0.05516819825230615,0.059786658687449395,0.0507227412743952
15,OnlineFPCA-sgd,0.1,4700,5,0.454319477081299,0.1281409334075941,0.09834988109634765,0.11530856543142684,0.05135293476098534,0.05614350534060533,0.04750292933591313
15,OnlineFPCA-sgd,0.1,4800,5,0.479937553405762,0.1355091229187667,0.12976519890586272,0.09849611244781008,0.04811472342267164,0.053773225362410214,0.04639371673155734
15,OnlineFPCA-sgd,0.1,4900,5,0.454256534576416,0.12381502758494344,0.11300521208019865,0.11137214334066166,0.046076883653658494,0.05130447870544479,0.04481480773187896
15,OnlineFPCA-sgd,0.1,5000,5,0.45206093788147,0.1138117445624515,0.1317981823071581,0.11449561816773708,0.044251466174476846,0.04929422424847919,0.042501509189464805
15,OnlineFPCA-sgd,0.1,5100,5,0.0975139141082764,0.1332576995150249,0.09997463986376942,0.09314529375768839,0.04308792059346867,0.04761064594315769,0.039950047504438445
15,OnlineFPCA-sgd,0.1,5200,5,0.0939011573791504,0.09540499903336579,0.09757766619513324,0.11932254123271487,0.0423536474683162,0.04644693273016361,0.03633646260516022
15,OnlineFPCA-sgd,0.1,5300,5,0.0941965579986572,0.09860129747958249,0.10455845593635917,0.11149036942705837,0.04197243008021013,0.04468174131443612,0.034017813349746906
15,OnlineFPCA-sgd,0.1,5400,5,0.0933878421783447,0.1248330834961242,0.11611576763543235,0.09473581518149565,0.042114275542865454,0.04358463527630806,0.0329699479692884
15,OnlineFPCA-sgd,0.1,5500,5,0.0949716567993164,0.13988086869169605,0.13174220732222594,0.08711203219212924,0.042284080540140004,0.04391072004387201,0.03235350263878339
15,OnlineFPCA-sgd,0.1,5600,5,0.0943973064422607,0.1587460509787201,0.11423700728883733,0.10559744083120216,0.04383480449154135,0.04507632957706942,0.03151143410719211
15,OnlineFPCA-sgd,0.1,5700,5,0.0950067043304443,0.12231645354326172,0.10240378016862253,0.098065261361502,0.04476906907670048,0.04545465307781964,0.030863591380374273
15,OnlineFPCA-sgd,0.1,5800,5,0.0930297374725342,0.122213669355027,0.1180387420461578,0.09075042977112742,0.04534597529543612,0.045942306055399215,0.030307118831960682
15,OnlineFPCA-sgd,0.1,5900,5,0.092818021774292,0.11893671567739215,0.12957467609100337,0.07409884322715281,0.045682073853366076,0.046468027239694655,0.029276286762943828
15,OnlineFPCA-sgd,0.1,6000,5,0.0935683250427246,0.11436211507217053,0.11281658543445865,0.08295809713471318,0.04592994592005143,0.04645234067509092,0.028610449357411694
15,OnlineFPCA-sgd,0.1,6100,5,0.0934932231903076,0.12244224347969011,0.12355245422405017,0.09358474455432256,0.04630499164411254,0.04670931607815004,0.028348659974538535
15,OnlineFPCA-sgd,0.1,6200,5,0.0966787338256836,0.12116904558313235,0.12391335891629679,0.09908508735220704,0.046624420298345896,0.04703832231321168,0.028141196711335068
15,OnlineFPCA-sgd,0.1,6300,5,0.0932967662811279,0.13670542831505114,0.09895446549763304,0.11235260363024695,0.04698672900750368,0.04749934755235479,0.028400236709918886
15,OnlineFPCA-sgd,0.1,6400,5,0.0938620567321777,0.1366182349428551,0.11362266583381664,0.09637179954823988,0.04757401251825252,0.04768196349604155,0.028558519475422484
15,OnlineFPCA-sgd,0.1,6500,5,0.0938308238983154,0.13130102251992762,0.10716084285102453,0.11465477435710593,0.047685057858289456,0.04802281531375809,0.028475739399494413
15,OnlineFPCA-sgd,0.1,6600,5,0.093012809753418,0.12007668273623694,0.09798733097897744,0.08778459041490158,0.047933412330126525,0.04839190385714344,0.027811260743487307
15,OnlineFPCA-sgd,0.1,6700,5,0.0930821895599365,0.11196849420950405,0.11488982114016347,0.09778143542817275,0.047800581642855514,0.048459014844715105,0.02747200430778907
15,OnlineFPCA-sgd,0.1,6800,5,0.0965259075164795,0.10429858125039983,0.12249403912746129,0.1155181893640643,0.04775021024441639,0.04856726615964425,0.027364745308529677
15,OnlineFPCA-sgd,0.1,6900,5,0.0958411693572998,0.10652984599402202,0.11512162094058562,0.10312363551046143,0.047879903795641617,0.04881941983037415,0.0277689731710612
15,OnlineFPCA-sgd,0.1,7000,5,0.0943396091461182,0.09905793963071494,0.11513065810153544,0.08820757476223996,0.04791774242018063,0.04881545328598153,0.02789734520992609
15,OnlineFPCA-sgd,0.1,7100,5,0.0936832427978516,0.11233180818758877,0.1095218154143196,0.08319890169836071,0.04765233520844849,0.04861615064946212,0.02813763608053266
15,OnlineFPCA-sgd,0.1,7200,5,0.0917768478393555,0.11995700305625265,0.0925411787127689,0.08680873312679445,0.047244124962381465,0.04821795680797214,0.02842182063533624
15,OnlineFPCA-sgd,0.1,7300,5,0.0934762954711914,0.0794366199570939,0.09631783192942578,0.09543971066650875,0.04676218244644947,0.04749955773021846,0.028472999510268417
15,OnlineFPCA-sgd,0.1,7400,5,0.0963685512542725,0.09882876584098665,0.08666917673340074,0.10932313744985084,0.04624655018566839,0.046904580745015356,0.028065488377666762
15,OnlineFPCA-sgd,0.1,7500,5,0.0943148136138916,0.10562412718356068,0.09813347663431625,0.10717346916178379,0.045893102678972654,0.046468820608415874,0.02776161526499116
15,OnlineFPCA-sgd,0.1,7600,5,0.0941469669342041,0.1360766182314661,0.11108779290663379,0.08163348064735709,0.045659790897039004,0.04620203470530518,0.02754708920568498
15,OnlineFPCA-sgd,0.1,7700,5,0.0950391292572021,0.11463061559293841,0.1096820479646435,0.0744914510755562,0.045409836271379504,0.04601509112670252,0.027254126186101353
15,OnlineFPCA-sgd,0.1,7800,5,0.0944690704345703,0.12345160042412386,0.1153603289613166,0.08882193904907355,0.04533177665007307,0.04597301872885822,0.02662624286244923
15,OnlineFPCA-sgd,0.1,7900,5,0.0992357730865479,0.09025505014693554,0.11827849188000175,0.09409930324085208,0.04534577705537624,0.0460543634214611,0.026043768842299943
15,OnlineFPCA-sgd,0.1,8000,5,0.0951032638549805,0.11522077500789465,0.09930187375634465,0.10311596326255955,0.04505734285050083,0.04595633476783648,0.02537137566310994
15,OnlineFPCA-sgd,0.1,8100,5,0.0939207077026367,0.10453496133097206,0.11332791225745589,0.09014720197995935,0.045008101731011975,0.04585484090088612,0.024569754786457405
15,OnlineFPCA-sgd,0.1,8200,5,0.0933980941772461,0.09416929591324213,0.10572372492910749,0.09309208854912257,0.04495298457258922,0.045593540706278864,0.02405470862654616
15,OnlineFPCA-sgd,0.1,8300,5,0.0931692123413086,0.08908123851253695,0.08876795054640084,0.0745659608003133,0.044682599557117536,0.04526082821669605,0.02356632279965017
15,OnlineFPCA-sgd,0.1,8400,5,0.093998908996582,0.07956157553424943,0.09722699107487472,0.07864617665732586,0.044397360427052196,0.04474821828276647,0.023287355854351335
15,OnlineFPCA-sgd,0.1,8500,5,0.097379207611084,0.08323620127273139,0.10712294459333532,0.07744068642917716,0.04398181921851896,0.04423372872123675,0.022856965312335494
15,OnlineFPCA-sgd,0.1,8600,5,0.0933582782745361,0.09940597120129376,0.08821496967240657,0.08996544967471606,0.043722002978368285,0.043893934405619846,0.022574538010969952
15,OnlineFPCA-sgd,0.1,8700,5,0.0934827327728271,0.12008053612659202,0.09055519163104406,0.06430069587724781,0.043541612671904956,0.04374373407364149,0.0223340914701888
15,OnlineFPCA-sgd,0.1,8800,5,0.09466552734375,0.10472302666599527,0.09932935591356915,0.08539913474235275,0.043524471598245386,0.043710992673739825,0.02181375897087541
15,OnlineFPCA-sgd,0.1,8900,5,0.094559907913208,0.10302697577642385,0.09401855500600274,0.08909710156873038,0.04364141847357564,0.04388187440845686,0.02156292914763528
15,OnlineFPCA-sgd,0.1,9000,5,0.0953490734100342,0.12448876073671229,0.10328809768502899,0.07590067119673229,0.04375610076839337,0.04401924812202995,0.02138381635029366
15,OnlineFPCA-sgd,0.1,9100,5,0.0977709293365479,0.13319571188743756,0.10229178320308989,0.100004636432668,0.043820485480985424,0.044083712043665006,0.02110696736541664
15,OnlineFPCA-sgd,0.1,9200,5,0.095224142074585,0.11267189381889035,0.10120046563672698,0.08715834366197182,0.04376845678061885,0.0440302494609285,0.02101486088721864
15,OnlineFPCA-sgd,0.1,9300,5,0.095048189163208,0.09606919373602009,0.08011961351300917,0.0817149827234222,0.043714156769471546,0.043942278094629715,0.020780759679333984
15,OnlineFPCA-sgd,0.1,9400,5,0.0949404239654541,0.09454924909562774,0.08972165265050502,0.09745686578675421,0.04366988235057846,0.04378550120641966,0.02057959533750665
15,OnlineFPCA-sgd,0.1,9500,5,0.0954723358154297,0.09442579155509072,0.09622043983213613,0.07803298797195017,0.04351585410707371,0.0435571289264875,0.020649754164668067
15,OnlineFPCA-sgd,0.1,9600,5,0.0954418182373047,0.0908631239290234,0.10918515244494545,0.07358442475071834,0.04334171222617302,0.04330985645895738,0.020418961982091473
15,OnlineFPCA-sgd,0.1,9700,5,0.0945744514465332,0.09267622953242048,0.08414830837782329,0.0937619344941661,0.0430589304395664,0.04302191119180712,0.020204077222104384
15,OnlineFPCA-sgd,0.1,9800,5,0.0941398143768311,0.10661347232994008,0.10200342206271358,0.0774106011749338,0.04281732644609588,0.042816342841301674,0.02012180684603827
15,OnlineFPCA-sgd,0.1,9900,5,0.0915427207946777,0.10134003020655923,0.09318306185474118,0.08806920277874294,0.04260812867918269,0.04257197602203223,0.019949798606747754
15,OnlineFPCA-sgd,0.1,10000,5,0.0950267314910889,0.08054916671950746,0.1053752088298193,0.08804681107022701,0.042378174416568375,0.04229090671129126,0.01973958677029574
15,OnlineFPCA-sgd,0.1,10100,5,0.0907974243164062,0.10353183485938809,0.084053562599398,0.07171227954991317,0.04213189936057351,0.04202447239208445,0.019609625353951443
15,OnlineFPCA-sgd,0.1,10200,5,0.0953977108001709,0.08037939960429431,0.08212103266422868,0.09922693140444828,0.04193206512026955,0.04182583942942782,0.01942285085708093
15,OnlineFPCA-sgd,0.1,10300,5,0.0942611694335938,0.0840883499087786,0.08797749227379721,0.0941976698530302,0.041766277245557454,0.04159189763515797,0.019210197286146785
15,OnlineFPCA-sgd,0.1,10400,5,0.0913567543029785,0.09941826840275804,0.09371310227540336,0.08092449255496818,0.04171063691791107,0.04140042967967313,0.01885878526597514
15,OnlineFPCA-sgd,0.1,10500,5,0.0933182239532471,0.1054376004888724,0.1029253334772453,0.07348079949482561,0.04166749431055724,0.041332266153471374,0.018776003319594996
15,OnlineFPCA-sgd,0.1,10600,5,0.0903341770172119,0.12422356570380756,0.08319113399150198,0.08447533867262765,0.041802472171694166,0.04141754118490774,0.01870691577948276
15,OnlineFPCA-sgd,0.1,10700,5,0.093226432800293,0.09893953040842249,0.08414699613558047,0.08457213392215834,0.04181851665155498,0.04141044251837087,0.018764634775318124
15,OnlineFPCA-sgd,0.1,10800,5,0.0932598114013672,0.09852628151718769,0.09754877682362159,0.07745044596107098,0.041805352829565226,0.04141492759985618,0.018831760890648433
15,OnlineFPCA-sgd,0.1,10900,5,0.0931861400604248,0.09407982483823284,0.10166748771713138,0.06427003070926343,0.04177144198493048,0.04143190508548393,0.018800771468953176
15,OnlineFPCA-sgd,0.1,11000,5,0.0938103199005127,0.09075798648480303,0.09498715921842711,0.06978345715864961,0.041758984774027355,0.04137144168401652,0.018684280335738424
15,OnlineFPCA-sgd,0.1,11100,5,0.0901308059692383,0.09650337692399276,0.10150733825133054,0.07505842887223384,0.041777438676937215,0.041368289572559565,0.01868903303516654
15,OnlineFPCA-sgd,0.1,11200,5,0.0937557220458984,0.09337872015948763,0.09874517135342852,0.08181928307586837,0.041794356579427795,0.04136600778468614,0.018756573368932498
15,OnlineFPCA-sgd,0.1,11300,5,0.0963590145111084,0.11454824614608362,0.08133095322723871,0.09345614338426582,0.04183381164791761,0.04137899017563201,0.018882845752184383
15,OnlineFPCA-sgd,0.1,11400,5,0.0932247638702393,0.10968403565058507,0.08956566685730633,0.07617180573455708,0.04192953462469409,0.04134611319824232,0.019026877843104664
15,OnlineFPCA-sgd,0.1,11500,5,0.0939619541168213,0.10718076790456041,0.08694899692904447,0.0956640023770486,0.041929186592285374,0.041358247090216856,0.019069627758049247
15,OnlineFPCA-sgd,0.1,11600,5,0.0937714576721191,0.10077700106679006,0.08394688619731173,0.07599769278209675,0.041965430124581024,0.04139703686123222,0.018888696591491314
15,OnlineFPCA-sgd,0.1,11700,5,0.0937705039978027,0.08878014312784112,0.09810584983434721,0.08614589923615223,0.041917702370721274,0.04136692515360635,0.01886811039572548
15,OnlineFPCA-sgd,0.1,11800,5,0.0937275886535645,0.08577269913169298,0.10203827477885248,0.09987224028161715,0.04187946307311644,0.041358977746491485,0.018899145895817246
15,OnlineFPCA-sgd,0.1,11900,5,0.0952072143554688,0.09150393505801112,0.09598049542676906,0.08949285335499396,0.041895203834263386,0.04139791022756768,0.019028888460839447
15,OnlineFPCA-sgd,0.1,12000,5,0.0952880382537842,0.0817891187744636,0.09803427187597694,0.0709967660197433,0.04188198569518851,0.04135626022058626,0.019075523971207972
15,OnlineFPCA-sgd,0.1,12100,5,0.0943377017974854,0.09706580434777072,0.08939424092606427,0.06674804454964427,0.04179557400359619,0.041267659654116884,0.019151912699726326
15,OnlineFPCA-sgd,0.1,12200,5,0.0942120552062988,0.10300391042708905,0.07777588930048393,0.07395300181552944,0.04165687303627863,0.0411502468305516,0.019274380264812426
15,OnlineFPCA-sgd,0.1,12300,5,0.0949432849884033,0.06953135297882601,0.08592678389821777,0.07838848477496997,0.04152344832730361,0.040922987871510594,0.01935844778648163
15,OnlineFPCA-sgd,0.1,12400,5,0.0950191020965576,0.08744234825202467,0.07651516450443842,0.09256227387729052,0.04137904612227042,0.040739223936015374,0.01930999635871886
15,OnlineFPCA-sgd,0.1,12500,5,0.0983986854553223,0.09268095932058398,0.08555273854894595,0.09271612828063529,0.041274990079348886,0.040583840028195275,0.01933815657347333
15,OnlineFPCA-sgd,0.1,12600,5,0.0915877819061279,0.10506596710595659,0.09567981882593392,0.0745668228236052,0.0411712522275005,0.040462963791734176,0.019334324355805566
15,OnlineFPCA-sgd,0.1,12700,5,0.0940492153167725,0.09742503116287181,0.09608471113539252,0.06092346646381208,0.04105881356606376,0.040350935311380724,0.019304307571357922
15,OnlineFPCA-sgd,0.1,12800,5,0.0903277397155762,0.10421304728550448,0.09386547832456224,0.07652350921091293,0.040991996448748735,0.04027432099625976,0.019152805618273087
15,OnlineFPCA-sgd,0.1,12900,5,0.09275221824646,0.07587560571789338,0.10181977607124355,0.08337753223854581,0.04095416361993525,0.04022747757933586,0.018986761873895773
15,OnlineFPCA-sgd,0.1,13000,5,0.0959882736206055,0.09847373826599107,0.0872559826011551,0.09027413301055413,0.04080671287895255,0.04014743533806651,0.018736425015282165
15,OnlineFPCA-sgd,0.1,13100,5,0.0910396575927734,0.08988107351627628,0.09603417848636189,0.07957492286809013,0.0407511362444748,0.040077371938963983,0.018432130430277
15,OnlineFPCA-sgd,0.1,13200,5,0.0950188636779785,0.0826049163491996,0.09053293684734451,0.07832405475360643,0.04070973817165639,0.039972391240833856,0.018225733710492104
15,OnlineFPCA-sgd,0.1,13300,5,0.0951058864593506,0.07597969068087293,0.07923208967021063,0.06511287751848754,0.04059647055618399,0.03985000075484381,0.01802267116102991
15,OnlineFPCA-sgd,0.1,13400,5,0.0954580307006836,0.06609687600415988,0.08443741270897995,0.06794535701988416,0.04046991121343094,0.03966159259313117,0.01789707448433843
15,OnlineFPCA-sgd,0.1,13500,5,0.0935835838317871,0.07387666257482009,0.09308900650335208,0.06615216724207248,0.04031164754523054,0.039466589635939305,0.01770340515967769
15,OnlineFPCA-sgd,0.1,13600,5,0.0956931114196777,0.08353605926769857,0.07899063508444827,0.07912602728841144,0.04020442852078692,0.039324542586800675,0.017598626956920382
15,OnlineFPCA-sgd,0.1,13700,5,0.0945656299591064,0.10477627084710253,0.08032611247424276,0.05558875903740845,0.04012129010219932,0.03925444119265809,0.01752269068710117
15,OnlineFPCA-sgd,0.1,13800,5,0.0946621894836426,0.08791683614471783,0.0849733341592037,0.07367226434756952,0.04008590132585884,0.03921037156123216,0.01731023674967119
15,OnlineFPCA-sgd,0.1,13900,5,0.0943872928619385,0.08800094911669905,0.07848506854798988,0.07529722263292178,0.04008817707184636,0.03924885438065052,0.01722178084602372
15,OnlineFPCA-sgd,0.1,14000,5,0.0954463481903076,0.10243216005068047,0.08814918055051045,0.06728277486115582,0.04008663841038836,0.03927675206432895,0.01721296652027238
15,OnlineFPCA-sgd,0.1,14100,5,0.0948159694671631,0.10845096548839034,0.09097930319874357,0.0883637915817679,0.04007585317532865,0.03929482045726999,0.017163561372126147
15,OnlineFPCA-sgd,0.1,14200,5,0.0976865291595459,0.09760903646019983,0.08890666186361915,0.0769741943084065,0.04002217451096981,0.039272254144267944,0.017201692462278345
15,OnlineFPCA-sgd,0.1,14300,5,0.0928719043731689,0.08516898950077208,0.0743363532633168,0.07468735203727853,0.039986239359528754,0.03923894345374455,0.017151198664750546
15,OnlineFPCA-sgd,0.1,14400,5,0.0938634872436523,0.08088389199051106,0.07815531919465339,0.08661321685792098,0.039956187567839044,0.0391736278527882,0.01708338195997687
15,OnlineFPCA-sgd,0.1,14500,5,0.0944409370422363,0.0856571630092392,0.08419964640169353,0.07077233118048744,0.039890004098983724,0.0390905353664372,0.017155321579920023
15,OnlineFPCA-sgd,0.1,14600,5,0.0942466259002686,0.0807211005463495,0.09788843474018681,0.06645553689932228,0.03981553310157325,0.03899400007293333,0.017083235308432507
15,OnlineFPCA-sgd,0.1,14700,5,0.0977144241333008,0.0775486106333991,0.07766113386608123,0.08408927762087948,0.03968505003568141,0.038889386552360065,0.017022659672509332
15,OnlineFPCA-sgd,0.1,14800,5,0.0945529937744141,0.09363716271432555,0.09014346756037757,0.06850929318651548,0.039574267200421266,0.03882898281444497,0.017038365193119166
15,OnlineFPCA-sgd,0.1,14900,5,0.0942928791046143,0.09006378799458888,0.08345998640910114,0.07749450682277963,0.03947603857309463,0.03874061464917148,0.017003528573122567
15,OnlineFPCA-sgd,0.1,15000,5,0.0920450687408447,0.06946708746285968,0.09177577525699303,0.07650695066408285,0.039361721054144344,0.03862306056276352,0.01694272944880431
15,OnlineFPCA-adagrad,0.1,0,5,110.662417173386,0.19397919673459935,0.15451393523810492,0.23784692825401235,0.19397919673459935,0.15451393523810492,0.23784692825401235
15,OnlineFPCA-adagrad,0.1,100,5,0.341787576675415,0.25679772771608256,0.19959509128467623,0.1595972568359448,NA,NA,NA
15,OnlineFPCA-adagrad,0.1,200,5,0.338319778442383,0.10662584562564667,0.12828442738170426,0.14725790365149297,NA,NA,NA
15,OnlineFPCA-adagrad,0.1,300,5,0.338261127471924,0.11632756865267554,0.12955160644850425,0.12082396832173872,NA,NA,NA
15,OnlineFPCA-adagrad,0.1,400,5,0.335802555084229,0.15464214497960005,0.1545606227079239,0.11499995186319747,NA,NA,NA
15,OnlineFPCA-adagrad,0.1,500,5,0.336508512496948,0.18483129564354145,0.175400950018698,0.10371625175557936,NA,NA,NA
15,OnlineFPCA-adagrad,0.1,600,5,0.341225385665894,0.12732078068435576,0.1408388151446533,0.09163604579545288,NA,NA,NA
15,OnlineFPCA-adagrad,0.1,700,5,0.340821266174316,0.1092486778608464,0.12572008554491715,0.08320935336571617,NA,NA,NA
15,OnlineFPCA-adagrad,0.1,800,5,0.338088274002075,0.10360155481110345,0.12082755099523608,0.07794442384696097,NA,NA,NA
15,OnlineFPCA-adagrad,0.1,900,5,0.336583137512207,0.10166062210292305,0.11800891327084909,0.07488596499937654,NA,NA,NA
15,OnlineFPCA-adagrad,0.1,1000,5,0.337063550949097,0.1009196360777643,0.11729018267362144,0.07184009027852051,NA,NA,NA
15,OnlineFPCA-adagrad,0.1,1100,5,0.463669061660767,0.10062673268023835,0.11534490553216112,0.06940764318615286,0.1006516043653475,0.11524963886822613,0.07035408839223879
15,OnlineFPCA-adagrad,0.1,1200,5,0.462128877639771,0.1010969357751817,0.11586451225784018,0.068514867608148,0.09993887301735856,0.11503153116242278,0.06923327625878031
15,OnlineFPCA-adagrad,0.1,1300,5,0.464403390884399,0.10201863605472834,0.11553142636083721,0.06661191009017264,0.09972251194068857,0.1150156350873952,0.06770295036014175
15,OnlineFPCA-adagrad,0.1,1400,5,0.467863798141479,0.10287733327073051,0.11480347165547461,0.06541998622103122,0.0998380244641429,0.11461429670304846,0.0667760257052851
15,OnlineFPCA-adagrad,0.1,1500,5,0.472141981124878,0.10119000904188097,0.11452608468242527,0.06557494838764011,0.09961425972407331,0.11431875529550105,0.06595321531284067
15,OnlineFPCA-adagrad,0.1,1600,5,0.473694562911987,0.19492272557148,0.16778389177875302,0.13184474335840088,0.10234715125540023,0.1156234032886813,0.06449864996134834
15,OnlineFPCA-adagrad,0.1,1700,5,0.473504543304443,0.21066592162783374,0.18156717166615335,0.12981874038597588,0.10274329747752753,0.11554717291391683,0.0640718106561606
15,OnlineFPCA-adagrad,0.1,1800,5,0.479442834854126,0.1843191561453515,0.2158708524368261,0.14346708387500964,0.10375415061116346,0.11487709277599939,0.060848375347909475
15,OnlineFPCA-adagrad,0.1,1900,5,0.470737218856812,0.16679555640837426,0.1929553644817014,0.12355966468251305,0.10692018364665391,0.11670410865308128,0.058178236638838254
15,OnlineFPCA-adagrad,0.1,2000,5,0.4734787940979,0.17724951659396643,0.16704725898180547,0.15660633048224115,0.10613506534397844,0.11575667575958737,0.0561662969099654
15,OnlineFPCA-adagrad,0.1,2100,5,0.464204072952271,0.14731313065216628,0.14631000771782204,0.122827755988783,0.10079549143472696,0.11160883526330687,0.05645020130651882
15,OnlineFPCA-adagrad,0.1,2200,5,0.46341347694397,0.1413366992256329,0.11733808008490948,0.10560014139751432,0.09626529733309838,0.10785998424251574,0.057458464358046114
15,OnlineFPCA-adagrad,0.1,2300,5,0.461535692214966,0.11030091715957471,0.11573771656382778,0.1265423043273067,0.09149385504928487,0.10281423729282602,0.05672397723713591
15,OnlineFPCA-adagrad,0.1,2400,5,0.461697816848755,0.12065849919441125,0.10890145056124526,0.13484956729982817,0.08752787835921935,0.09837295398664299,0.055279979974957455
15,OnlineFPCA-adagrad,0.1,2500,5,0.469878911972046,0.130172325502172,0.11371723207357931,0.12904987590539485,0.08445182396752406,0.0950059123582302,0.053831855346991676
15,OnlineFPCA-adagrad,0.1,2600,5,0.651641368865967,0.12539808361408594,0.11999917398174835,0.10132486567264969,0.08224789071517742,0.09268879771684059,0.05302713890024608
15,OnlineFPCA-adagrad,0.1,2700,5,0.505228281021118,0.11209997549263093,0.12179350614583334,0.11839896168783083,0.08024296256041005,0.09051274798524837,0.05137967073882237
15,OnlineFPCA-adagrad,0.1,2800,5,0.505077838897705,0.1247484137312031,0.13907199351123112,0.11822884226322401,0.0787414392598415,0.0888053185044117,0.04927024480717168
15,OnlineFPCA-adagrad,0.1,2900,5,0.500893354415894,0.09174836274941797,0.1338637211484734,0.1240053709490069,0.07789900576739288,0.08760831411939694,0.04825716253995036
15,OnlineFPCA-adagrad,0.1,3000,5,0.50679874420166,0.12183640326831223,0.1118607353269173,0.1415898545069508,0.07659051928922136,0.08626674173426763,0.04737707149463015
15,OnlineFPCA-adagrad,0.1,3100,5,0.509405851364136,0.10863548158483806,0.13634620060601776,0.13023645568427225,0.07576348649113424,0.08479489635416518,0.046325892673805644
15,OnlineFPCA-adagrad,0.1,3200,5,0.502992153167725,0.09907087843795898,0.11878735658354583,0.1372653535988747,0.07484174576770798,0.08305422717168376,0.04479540207620206
15,OnlineFPCA-adagrad,0.1,3300,5,0.50172758102417,0.10001214114147655,0.10059546346744695,0.11072547615044505,0.07362693298763574,0.08133798897580766,0.04375002568940371
15,OnlineFPCA-adagrad,0.1,3400,5,0.513006687164307,0.0853949644839566,0.10804699499451666,0.10895205717388932,0.07248568826127397,0.07961411036859443,0.04312000591032124
15,OnlineFPCA-adagrad,0.1,3500,5,0.501968383789062,0.08892320099513941,0.12427114749723288,0.11890209993146528,0.07117651098125277,0.07806074449667423,0.04217935538678445
15,OnlineFPCA-adagrad,0.1,3600,5,0.500567674636841,0.09569468314218844,0.10471048135106642,0.1255736930346338,0.0702353957872284,0.07691577903624175,0.0418943870731568
15,OnlineFPCA-adagrad,0.1,3700,5,0.501972675323486,0.12032222097231698,0.10658758544929853,0.09743101250450427,0.06946900596497531,0.07598215597399996,0.04132806057705629
15,OnlineFPCA-adagrad,0.1,3800,5,0.507301807403564,0.11023744584300847,0.11839287689629885,0.12131849211764399,0.06915172592856096,0.07547423651775446,0.04035866941400558
15,OnlineFPCA-adagrad,0.1,3900,5,0.505833864212036,0.1089757602086947,0.11413452653525125,0.1442078475355224,0.06920920829660022,0.07523085337047264,0.0396846381916918
15,OnlineFPCA-adagrad,0.1,4000,5,0.499685764312744,0.06918290951604705,0.07481262509236485,0.03906390575113253,0.06918290951604705,0.07481262509236485,0.03906390575113253
15,OnlineFPCA-adagrad,0.1,4100,5,0.509071350097656,0.12234782329572266,0.12386876580723043,0.13819947933107898,0.08287796954967945,0.09677057748521299,0.07812457411825649
15,OnlineFPCA-adagrad,0.1,4200,5,0.501672983169556,0.11049884853251185,0.12209218655397105,0.11965814641774206,0.07324829531416281,0.08332843081997511,0.06856207288178603
15,OnlineFPCA-adagrad,0.1,4300,5,0.501460790634155,0.10137947944064413,0.09371865627667098,0.1224264586520561,0.0678995762100618,0.07457176317681918,0.060416163258858076
15,OnlineFPCA-adagrad,0.1,4400,5,0.504091739654541,0.09890598967599726,0.101595381939687,0.12976475853800387,0.06583342724550144,0.06965248761329307,0.057061814096118324
15,OnlineFPCA-adagrad,0.1,4500,5,0.500179767608643,0.10194664268222037,0.10803942472778753,0.11273659758981343,0.06291680446052199,0.06659961732205512,0.05491168000248498
15,OnlineFPCA-adagrad,0.1,4600,5,0.501648426055908,0.10123495119408454,0.12743085729675255,0.09873429918246633,0.060708664675987935,0.0651740324300729,0.050506239405744134
15,OnlineFPCA-adagrad,0.1,4700,5,0.501971244812012,0.09624351859506929,0.09603257823431809,0.12141343534942403,0.058545491653923136,0.062466326815167166,0.04698343035053172
15,OnlineFPCA-adagrad,0.1,4800,5,0.639287233352661,0.10359630544657224,0.10861179881912784,0.10678493407679358,0.05638259359875693,0.06046366610854592,0.04583872807541837
15,OnlineFPCA-adagrad,0.1,4900,5,0.497022390365601,0.10462898784450951,0.10268939409649323,0.12198323643999943,0.054802229729386226,0.05830861683524278,0.04423220850941087
15,OnlineFPCA-adagrad,0.1,5000,5,0.498180389404297,0.07893209807491171,0.1158434223289577,0.12200019053648602,0.05359763192910246,0.05657344300206337,0.0421325662374355
15,OnlineFPCA-adagrad,0.1,5100,5,0.100956916809082,0.10625846197771185,0.0973772889771427,0.10797169652012786,0.05260289953948107,0.05533267915388235,0.03970460124699769
15,OnlineFPCA-adagrad,0.1,5200,5,0.101019859313965,0.07976477731263663,0.08903564328323774,0.1362469103936432,0.052087609803893625,0.05435662816381716,0.03619454276265691
15,OnlineFPCA-adagrad,0.1,5300,5,0.105588436126709,0.08672528704123578,0.09519197185322885,0.12466877961327717,0.051603497988651714,0.052944145844164764,0.03455324301028022
15,OnlineFPCA-adagrad,0.1,5400,5,0.0990862846374512,0.10116304155798675,0.10396413262903417,0.10383009196802191,0.05136574224689682,0.05180669181300867,0.03386792402120005
15,OnlineFPCA-adagrad,0.1,5500,5,0.111600875854492,0.10363822676869532,0.11197298439012345,0.10554246605823178,0.05112904084571753,0.051655889959080346,0.03306737267995299
15,OnlineFPCA-adagrad,0.1,5600,5,0.0990848541259766,0.12337649950317918,0.09696368921170263,0.12205580210115084,0.0517340478816564,0.05196980399770804,0.03186790346821054
15,OnlineFPCA-adagrad,0.1,5700,5,0.105245113372803,0.10049367130749924,0.09560881868352174,0.11129332175567885,0.052006471336400156,0.051821023249537516,0.03125913842574172
15,OnlineFPCA-adagrad,0.1,5800,5,0.101704835891724,0.0996429021821697,0.10797967558240541,0.10499065258946028,0.051900132937412934,0.05177375448208616,0.03074120580646795
15,OnlineFPCA-adagrad,0.1,5900,5,0.101459503173828,0.09350495037625788,0.11036426127900437,0.08285193678571989,0.051772455525387145,0.05187688020519631,0.029617256602396298
15,OnlineFPCA-adagrad,0.1,6000,5,0.101617574691772,0.09062095222313776,0.10660300594336579,0.09445240063892951,0.05165483637118917,0.051710660583989244,0.02871267910660972
15,OnlineFPCA-adagrad,0.1,6100,5,0.101335287094116,0.0980732101777532,0.11023816277462486,0.10755162778307961,0.05164571248984706,0.05176811792944433,0.02836336339284901
15,OnlineFPCA-adagrad,0.1,6200,5,0.10130763053894,0.0943123617021792,0.11661691493456208,0.11512804941633055,0.05160312101943407,0.05193661994535035,0.02809114337402342
15,OnlineFPCA-adagrad,0.1,6300,5,0.100029945373535,0.11080421348757134,0.08998250079912687,0.12457421156915725,0.05161619273734264,0.05220611153407302,0.028377921036193562
15,OnlineFPCA-adagrad,0.1,6400,5,0.105806827545166,0.11393826605686481,0.10605819952109782,0.12025063054593743,0.05182414320110325,0.052246857885384086,0.028501233976664455
15,OnlineFPCA-adagrad,0.1,6500,5,0.0999112129211426,0.10687665904944642,0.10043730480403511,0.12931021064671328,0.05178282739746412,0.052469569362944224,0.028396319939056
15,OnlineFPCA-adagrad,0.1,6600,5,0.103647708892822,0.09923138660263048,0.09394244880011475,0.09460786066357581,0.05180108189577921,0.05267539743197691,0.02774407204408177
15,OnlineFPCA-adagrad,0.1,6700,5,0.0994963645935059,0.08708448232526769,0.10691570116176471,0.11189226631689536,0.05157294522204659,0.05265974332788488,0.027509907202810584
15,OnlineFPCA-adagrad,0.1,6800,5,0.103377342224121,0.08617924772184439,0.11348940531746872,0.12644054926099724,0.05143546541603257,0.052661246550160724,0.02744231621564162
15,OnlineFPCA-adagrad,0.1,6900,5,0.106167793273926,0.09028624082967303,0.10543460193379459,0.10867835543010367,0.0514871065858771,0.05279781545798616,0.027811821332265604
15,OnlineFPCA-adagrad,0.1,7000,5,0.100432157516479,0.08633797428865674,0.11186517678719864,0.10043406404524631,0.05145700113501676,0.0527544355559005,0.027865141293544365
15,OnlineFPCA-adagrad,0.1,7100,5,0.104339599609375,0.09510449137350153,0.09986183540119466,0.08949759845355587,0.05124992925981471,0.05258061319474208,0.028122676327924714
15,OnlineFPCA-adagrad,0.1,7200,5,0.0994784832000732,0.0970510648235902,0.0870830533531719,0.09970300949919804,0.050930302803877205,0.05228353876467765,0.028508431443804858
15,OnlineFPCA-adagrad,0.1,7300,5,0.104906797409058,0.07057924450212763,0.0936137008527517,0.11124909000282678,0.05059522436015622,0.051715987929754806,0.028616371311111263
15,OnlineFPCA-adagrad,0.1,7400,5,0.102045297622681,0.08738956815548331,0.08610297725926176,0.1268284374836708,0.05022399532821543,0.05127758620728371,0.02823558916429209
15,OnlineFPCA-adagrad,0.1,7500,5,0.102195501327515,0.0906096229614337,0.09664495720715628,0.1241625860539389,0.0499394162812205,0.050958568472478386,0.028072611316548358
15,OnlineFPCA-adagrad,0.1,7600,5,0.102198123931885,0.09658030079582751,0.10212260399257846,0.08913717291738069,0.049691362654212,0.05071319156207468,0.027952864796755322
15,OnlineFPCA-adagrad,0.1,7700,5,0.0989580154418945,0.09203623255312682,0.10353687838957779,0.09121958903836305,0.04939007494508674,0.050485705924006204,0.027729479176864292
15,OnlineFPCA-adagrad,0.1,7800,5,0.104178190231323,0.1022141997509491,0.10768990500694253,0.10280729386935929,0.049201155459826125,0.050337001228912194,0.027173024191692142
15,OnlineFPCA-adagrad,0.1,7900,5,0.0985019207000732,0.075776868457445,0.11122894729121428,0.10275522617806618,0.04912589465180198,0.05030128859231771,0.026687716116546863
15,OnlineFPCA-adagrad,0.1,8000,5,0.10505199432373,0.0994542226212683,0.09447331393630061,0.1176961038457974,0.04884918120902784,0.0502085426543544,0.026014779665795167
15,OnlineFPCA-adagrad,0.1,8100,5,0.0987725257873535,0.088351772422631,0.10564456165978772,0.10110597057114543,0.04878945126394941,0.05007614267692377,0.02534893614151137
15,OnlineFPCA-adagrad,0.1,8200,5,0.102131128311157,0.08258840871566096,0.09759964316713618,0.10389241064226218,0.04875090188470669,0.04986647148609586,0.024983382460856674
15,OnlineFPCA-adagrad,0.1,8300,5,0.101459980010986,0.07795195539711457,0.0858016416012732,0.08608254145878247,0.048578355575671514,0.04963137782453176,0.024613429476197015
15,OnlineFPCA-adagrad,0.1,8400,5,0.102694749832153,0.0646608063696799,0.08824624615676722,0.08726492648396186,0.048400580635057915,0.04928868322069508,0.024442098216227545
15,OnlineFPCA-adagrad,0.1,8500,5,0.101922750473022,0.0740068095842098,0.10147645282858377,0.090008708159555,0.04816500173150821,0.04896424966060264,0.024071460419966557
15,OnlineFPCA-adagrad,0.1,8600,5,0.0993585586547852,0.07685445953260897,0.08784847248301701,0.10160049227352767,0.048013495421756654,0.048743510155929766,0.02394417935803917
15,OnlineFPCA-adagrad,0.1,8700,5,0.105180740356445,0.09810643705057066,0.08983735907922198,0.0775433927176175,0.04788483601310612,0.04865127409587335,0.02379716848094272
15,OnlineFPCA-adagrad,0.1,8800,5,0.0983486175537109,0.08604366044988869,0.09422987313078433,0.0975482592302015,0.047860925568264726,0.048626679285727364,0.023366416148683213
15,OnlineFPCA-adagrad,0.1,8900,5,0.10564923286438,0.08640671166704407,0.08653239231797415,0.10866585869268003,0.04791975656410417,0.048733254159813624,0.02321955268739622
15,OnlineFPCA-adagrad,0.1,9000,5,0.0997192859649658,0.10075573324194627,0.09796767778793605,0.08693042721307923,0.047969012333925566,0.048789456020525535,0.023180765222339073
15,OnlineFPCA-adagrad,0.1,9100,5,0.103746175765991,0.09992531350385847,0.09658384818461427,0.11241896302237163,0.048000549076382716,0.048809967696197464,0.023029525018659153
15,OnlineFPCA-adagrad,0.1,9200,5,0.10506272315979,0.09375895632141,0.09757918697692985,0.09851693887664162,0.04795668457143275,0.048737765630180785,0.023002263741190156
15,OnlineFPCA-adagrad,0.1,9300,5,0.0991959571838379,0.08552769612085775,0.07989457874900678,0.0980298094348299,0.04791559296642958,0.04864375923178928,0.022772783360124654
15,OnlineFPCA-adagrad,0.1,9400,5,0.104096651077271,0.07941070947785495,0.08162820197516575,0.10561395527832147,0.04789135858650676,0.048506112062598444,0.022571851001927948
15,OnlineFPCA-adagrad,0.1,9500,5,0.0994374752044678,0.08535960869400057,0.08985180835199535,0.08629556482958432,0.04783076450522874,0.04834163385342772,0.022629994352188133
15,OnlineFPCA-adagrad,0.1,9600,5,0.104957580566406,0.08313057109500403,0.10648600147156975,0.081611594659130815,0.047747925526378805,0.04814996631766949,0.02231465856902466
15,OnlineFPCA-adagrad,0.1,9700,5,0.101755380630493,0.07503963993454212,0.08413637609649528,0.102353436575571,0.04757709357316032,0.047937024809068605,0.0220670486623075
15,OnlineFPCA-adagrad,0.1,9800,5,0.101372957229614,0.08658137692705214,0.09194072887477836,0.08585208359801733,0.04742255392600007,0.04778065713273091,0.02191657173126669
15,OnlineFPCA-adagrad,0.1,9900,5,0.10576057434082,0.08746531205431947,0.0873404122083649,0.09885624004332949,0.047292104929457915,0.04757749993082192,0.021676744487213115
15,OnlineFPCA-adagrad,0.1,10000,5,0.100257396697998,0.06570259998005075,0.09423431919217828,0.09684175797759055,0.04713774462310385,0.04734472094365809,0.021460530454033504
15,OnlineFPCA-adagrad,0.1,10100,5,0.105674028396606,0.08397783605192498,0.08278407318534768,0.08416759778802486,0.04695963490172882,0.047136170186344195,0.021348489351443876
15,OnlineFPCA-adagrad,0.1,10200,5,0.0999355316162109,0.0703662276043228,0.07804903556314696,0.11411485804064679,0.046810605773448206,0.04696945512484986,0.021153376788716812
15,OnlineFPCA-adagrad,0.1,10300,5,0.10644793510437,0.07412542530411088,0.08219597780247266,0.10551517563673526,0.04667115595725503,0.04675949613587499,0.020941139132369845
15,OnlineFPCA-adagrad,0.1,10400,5,0.0992953777313232,0.08445712676197803,0.08718737807993907,0.09072634664017726,0.046594109329112,0.04655848707707895,0.020575640278976647
15,OnlineFPCA-adagrad,0.1,10500,5,0.104115009307861,0.08362221264562876,0.09440660629649786,0.08828208030315349,0.04652387308872204,0.04644979287572353,0.0204746199605425
15,OnlineFPCA-adagrad,0.1,10600,5,0.102468729019165,0.09832927371016639,0.07547267644280685,0.09970812849990131,0.0465549977466723,0.04643331408942443,0.020382306822604425
15,OnlineFPCA-adagrad,0.1,10700,5,0.103031158447266,0.08339553470613831,0.08106343431457376,0.09646986608129554,0.04650840878250309,0.046353076660699294,0.020443125703793277
15,OnlineFPCA-adagrad,0.1,10800,5,0.105493545532227,0.08222604029045225,0.09137518093699132,0.08927779326804323,0.046426218582888465,0.04628246193092074,0.020490624260375345
15,OnlineFPCA-adagrad,0.1,10900,5,0.0997679233551025,0.07695161712490327,0.09072263084733992,0.0713863263240386,0.04634154557431222,0.04623778209595819,0.02044552891348878
15,OnlineFPCA-adagrad,0.1,11000,5,0.107136964797974,0.07524115671230794,0.09067282246425827,0.0803939595844645,0.04628132158348031,0.046161478015175846,0.020286962060615383
15,OnlineFPCA-adagrad,0.1,11100,5,0.099163293838501,0.07878067618606527,0.09353807728714598,0.08798859544802777,0.046245258552732926,0.04611792712827395,0.020272202971113713
15,OnlineFPCA-adagrad,0.1,11200,5,0.105893850326538,0.0778970476742506,0.09560843309535615,0.09589383080199092,0.04620932104935491,0.046088742503457465,0.020347404488226667
15,OnlineFPCA-adagrad,0.1,11300,5,0.102177858352661,0.0925312711099997,0.07555028496960689,0.10487772472051594,0.046191921804111906,0.04607211293011371,0.020485320271819613
15,OnlineFPCA-adagrad,0.1,11400,5,0.101091384887695,0.09331120365888454,0.08474292071848748,0.0940536204748709,0.04621361063714179,0.046004709515735834,0.020613622711761353
15,OnlineFPCA-adagrad,0.1,11500,5,0.101628065109253,0.08903461002500182,0.08177523526847075,0.10964204080117179,0.046172876725886554,0.045977940634477264,0.020616867067423186
15,OnlineFPCA-adagrad,0.1,11600,5,0.0985841751098633,0.08468172167048166,0.08039039884168954,0.08370804132952614,0.04614062400430618,0.045963228498383565,0.020405688402381973
15,OnlineFPCA-adagrad,0.1,11700,5,0.104933500289917,0.07234973223311,0.09162106128913707,0.09894578911339186,0.0460572172176164,0.04589659091084703,0.020383365139387495
15,OnlineFPCA-adagrad,0.1,11800,5,0.0988078117370605,0.07247365750330885,0.09527307254543083,0.11027630433866946,0.04598984972871938,0.04584787745647827,0.02038004761254958
15,OnlineFPCA-adagrad,0.1,11900,5,0.101908206939697,0.07699083396575958,0.08945474738796573,0.09611133261776766,0.04597420297544926,0.0458432634126508,0.020478005819663667
15,OnlineFPCA-adagrad,0.1,12000,5,0.102163553237915,0.07252505094369381,0.0941485585276894,0.08072098574469262,0.04593667286589702,0.045780121252009164,0.020488784755260083
15,OnlineFPCA-adagrad,0.1,12100,5,0.102225303649902,0.08396882570528234,0.08214121152068499,0.07367599159034086,0.04585535279910444,0.045681647734152224,0.020568158553347236
15,OnlineFPCA-adagrad,0.1,12200,5,0.101593255996704,0.08414051348144397,0.07386933001086289,0.08472035526712995,0.04574093318992035,0.04557076848763224,0.020714141366403226
15,OnlineFPCA-adagrad,0.1,12300,5,0.101643800735474,0.06337663732785748,0.08211976779811422,0.09104725335335898,0.045621550024740526,0.04536885104748439,0.020792678371359567
15,OnlineFPCA-adagrad,0.1,12400,5,0.104933977127075,0.07640035240156538,0.0752156670530182,0.10933223299887848,0.04549928220695283,0.04520630722915019,0.020749798587833865
15,OnlineFPCA-adagrad,0.1,12500,5,0.0993037223815918,0.0799164788151565,0.08373954164073313,0.10806344221388839,0.04539616164322312,0.045068192303496894,0.020815412186389822
15,OnlineFPCA-adagrad,0.1,12600,5,0.105195283889771,0.08017448301156169,0.08937386713342568,0.0819165085821316,0.04527990079679056,0.04494229633880148,0.020831984706912166
15,OnlineFPCA-adagrad,0.1,12700,5,0.0981991291046143,0.07837142003947867,0.09192649483587213,0.07465044048740965,0.04514787399204926,0.04481636502687368,0.020793619023250498
15,OnlineFPCA-adagrad,0.1,12800,5,0.103049993515015,0.08720526882156511,0.08838478451389915,0.08952393687066942,0.04504391161550647,0.044705099779025016,0.020637647622239106
15,OnlineFPCA-adagrad,0.1,12900,5,0.102113485336304,0.0652440144499931,0.09562552050699058,0.09189729924543184,0.044972419978571196,0.044617417009497805,0.02048532817545187
15,OnlineFPCA-adagrad,0.1,13000,5,0.10415244102478,0.08570940765728259,0.08335146036770323,0.10387045959024148,0.044823631286308806,0.04452941405698895,0.02022998829843071
15,OnlineFPCA-adagrad,0.1,13100,5,0.106629133224487,0.07580409142386516,0.09025615068377876,0.08834908088305017,0.04475382244505311,0.04443930738023536,0.01997322574481789
15,OnlineFPCA-adagrad,0.1,13200,5,0.10020899772644,0.07454964053384504,0.08434185690848843,0.08925556806135312,0.04470399387326454,0.04433459464005534,0.019817830482229407
15,OnlineFPCA-adagrad,0.1,13300,5,0.105548143386841,0.06787352465322337,0.07562209242185476,0.07523024508603922,0.04460964669952543,0.04422251993043411,0.019655459353520626
15,OnlineFPCA-adagrad,0.1,13400,5,0.0994758605957031,0.054570807941223196,0.07566070127146829,0.07614824005455537,0.0445035933644109,0.04406539729161332,0.019567962425309164
15,OnlineFPCA-adagrad,0.1,13500,5,0.103350162506104,0.064170894018537,0.08741271378403245,0.07630726989361564,0.04437863170239142,0.04390499466861324,0.019390490129847636
15,OnlineFPCA-adagrad,0.1,13600,5,0.101970911026001,0.06588048038551181,0.0767502203230613,0.08921758025383403,0.044284866947561695,0.043779061175254104,0.019336056230685017
15,OnlineFPCA-adagrad,0.1,13700,5,0.10306191444397,0.08430793827722659,0.07823915760492237,0.06676211286356697,0.04419834913355842,0.04370428247129216,0.01928263750261747
15,OnlineFPCA-adagrad,0.1,13800,5,0.102909088134766,0.07325312713624024,0.08018553008173708,0.08475609689447333,0.044141754081980386,0.04364337664937527,0.019085352072686513
15,OnlineFPCA-adagrad,0.1,13900,5,0.100579977035522,0.07468636742861368,0.07121952645701733,0.09116642136472075,0.04411095762060969,0.04363878297149479,0.019017754829534307
15,OnlineFPCA-adagrad,0.1,14000,5,0.104342937469482,0.08393088930616761,0.08241777521080586,0.07648746553891773,0.044073545746095705,0.04361740476732714,0.01903786297872297
15,OnlineFPCA-adagrad,0.1,14100,5,0.100445985794067,0.08421541599285788,0.08467592774488593,0.09962983258482201,0.044033109247030015,0.0435918226207088,0.019008631992709166
15,OnlineFPCA-adagrad,0.1,14200,5,0.106875419616699,0.08155727429667355,0.08452553841585468,0.08685554949396442,0.043967802850628665,0.043535233140009844,0.019047650652881293
15,OnlineFPCA-adagrad,0.1,14300,5,0.0999033451080322,0.07473993689257405,0.07210561834659929,0.08798019990544098,0.04391507167800074,0.04346979935009882,0.018972359118548866
15,OnlineFPCA-adagrad,0.1,14400,5,0.105715274810791,0.06854026297118247,0.07059241445430385,0.09476823506509556,0.04386933211532972,0.04338223368152774,0.01887861850911721
15,OnlineFPCA-adagrad,0.1,14500,5,0.100103616714478,0.07582314255624804,0.07722373203289354,0.07610451248022,0.04381710493224576,0.04329197881737689,0.01891903544912092
15,OnlineFPCA-adagrad,0.1,14600,5,0.103452682495117,0.07260231111649057,0.0933634940785909,0.0731069936972408,0.04375630587399293,0.04318634484025593,0.018782339500765764
15,OnlineFPCA-adagrad,0.1,14700,5,0.102818965911865,0.0640002655016325,0.07604851619788006,0.09245722616635056,0.0436506386957761,0.04307987389164956,0.018681990571241515
15,OnlineFPCA-adagrad,0.1,14800,5,0.0995876789093018,0.07669550632389295,0.08219133541782585,0.07549354400245269,0.043554644700808644,0.043010212699910184,0.018640270905278304
15,OnlineFPCA-adagrad,0.1,14900,5,0.106015205383301,0.07690456177633528,0.07774821554961833,0.0873344533572983,0.04347141190842603,0.04291271121321921,0.018544244566359672
15,OnlineFPCA-adagrad,0.1,15000,5,0.10065746307373,0.058265104683310275,0.08135638957913699,0.08458132436228212,0.0433739079570567,0.04279123850122363,0.01845590861082063
15,Batch-SOAP,NA,5000,5000,319.735360383987,0.05115195052024032,0.08923994103976061,0.0852477180087403,0.05115195052024032,0.08923994103976061,0.0852477180087403
